Urn,JournalDate,PurchaseDate,ExpiryDate,Purchaser,Prefix,BondNumber,IssueBranchCode,IssueTeller,IssueState,IssueBranchCodeNo,IssueBranchCity,Unique_key,PurchaserYear,DateEncashment,PartyName,AccountNum,PayBranchCode,PayTeller,encashedyear,EncashedState,EncashedBranchCode,EncashedCity,Denomination
3.00202e+20,2022-01-10,2022-01-10,2022-01-24,VEDANTA LIMITED,OC,11082.0,300.0,7905165.0,Maharashtra,300.0,Mumbai,OC11082,2022.0,2022-01-14,BHARATIYA JANATA PARTY,*******8244,691.0,5642191.0,2022.0,Delhi,691.0,New Delhi,10000000.0
3.00202e+20,2022-01-10,2022-01-10,2022-01-24,VEDANTA LIMITED,OC,11084.0,300.0,7905165.0,Maharashtra,300.0,Mumbai,OC11084,2022.0,2022-01-14,BHARATIYA JANATA PARTY,*******8244,691.0,5642191.0,2022.0,Delhi,691.0,New Delhi,10000000.0
3.00202e+20,2022-01-10,2022-01-10,2022-01-24,VEDANTA LIMITED,OC,11086.0,300.0,7905165.0,Maharashtra,300.0,Mumbai,OC11086,2022.0,2022-01-14,BHARATIYA JANATA PARTY,*******8244,691.0,5642191.0,2022.0,Delhi,691.0,New Delhi,10000000.0
3.00202e+20,2022-01-10,2022-01-10,2022-01-24,VEDANTA LIMITED,OC,11088.0,300.0,7905165.0,Maharashtra,300.0,Mumbai,OC11088,2022.0,2022-01-14,BHARATIYA JANATA PARTY,*******8244,691.0,5642191.0,2022.0,Delhi,691.0,New Delhi,10000000.0
3.00202e+20,2022-01-10,2022-01-10,2022-01-24,VEDANTA LIMITED,OC,11090.0,300.0,7905165.0,Maharashtra,300.0,Mumbai,OC11090,2022.0,2022-01-14,BHARATIYA JANATA PARTY,*******8244,691.0,5642191.0,2022.0,Delhi,691.0,New Delhi,10000000.0
3.00202e+20,2022-01-10,2022-01-10,2022-01-24,VEDANTA LIMITED,OC,11092.0,300.0,7905165.0,Maharashtra,300.0,Mumbai,OC11092,2022.0,2022-01-14,BHARATIYA JANATA PARTY,*******8244,691.0,5642191.0,2022.0,Delhi,691.0,New Delhi,10000000.0
3.00202e+20,2022-01-10,2022-01-10,2022-01-24,VEDANTA LIMITED,OC,11094.0,300.0,7905165.0,Maharashtra,300.0,Mumbai,OC11094,2022.0,2022-01-14,BHARATIYA JANATA PARTY,*******8244,691.0,5642191.0,2022.0,Delhi,691.0,New Delhi,10000000.0
3.00202e+20,2022-01-10,2022-01-10,2022-01-24,VEDANTA LIMITED,OC,11096.0,300.0,7905165.0,Maharashtra,300.0,Mumbai,OC11096,2022.0,2022-01-14,BHARATIYA JANATA PARTY,*******8244,691.0,5642191.0,2022.0,Delhi,691.0,New Delhi,10000000.0
3.00202e+20,2022-01-10,2022-01-10,2022-01-24,VEDANTA LIMITED,OC,11098.0,300.0,7905165.0,Maharashtra,300.0,Mumbai,OC11098,2022.0,2022-01-14,BHARATIYA JANATA PARTY,*******8244,691.0,5642191.0,2022.0,Delhi,691.0,New Delhi,10000000.0
3.00202e+20,2022-01-10,2022-01-10,2022-01-24,VEDANTA LIMITED,OC,11100.0,300.0,7905165.0,Maharashtra,300.0,Mumbai,OC11100,2022.0,2022-01-14,BHARATIYA JANATA PARTY,*******8244,691.0,5642191.0,2022.0,Delhi,691.0,New Delhi,10000000.0
3.00202e+20,2022-01-10,2022-01-10,2022-01-24,VEDANTA LIMITED,OC,11102.0,300.0,7905165.0,Maharashtra,300.0,Mumbai,OC11102,2022.0,2022-01-14,BHARATIYA JANATA PARTY,*******8244,691.0,5642191.0,2022.0,Delhi,691.0,New Delhi,10000000.0
3.00202e+20,2022-01-10,2022-01-10,2022-01-24,VEDANTA LIMITED,OC,11104.0,300.0,7905165.0,Maharashtra,300.0,Mumbai,OC11104,2022.0,2022-01-14,BHARATIYA JANATA PARTY,*******8244,691.0,5642191.0,2022.0,Delhi,691.0,New Delhi,10000000.0
3.00202e+20,2022-01-10,2022-01-10,2022-01-24,VEDANTA LIMITED,OC,11106.0,300.0,7905165.0,Maharashtra,300.0,Mumbai,OC11106,2022.0,2022-01-14,BHARATIYA JANATA PARTY,*******8244,691.0,5642191.0,2022.0,Delhi,691.0,New Delhi,10000000.0
3.00202e+20,2022-01-10,2022-01-10,2022-01-24,VEDANTA LIMITED,OC,11108.0,300.0,7905165.0,Maharashtra,300.0,Mumbai,OC11108,2022.0,2022-01-14,BHARATIYA JANATA PARTY,*******8244,691.0,5642191.0,2022.0,Delhi,691.0,New Delhi,10000000.0
3.00202e+20,2022-01-10,2022-01-10,2022-01-24,VEDANTA LIMITED,OC,11110.0,300.0,7905165.0,Maharashtra,300.0,Mumbai,OC11110,2022.0,2022-01-14,BHARATIYA JANATA PARTY,*******8244,691.0,5642191.0,2022.0,Delhi,691.0,New Delhi,10000000.0
3.00202e+20,2022-01-10,2022-01-10,2022-01-24,VEDANTA LIMITED,OC,11112.0,300.0,7905165.0,Maharashtra,300.0,Mumbai,OC11112,2022.0,2022-01-14,BHARATIYA JANATA PARTY,*******8244,691.0,5642191.0,2022.0,Delhi,691.0,New Delhi,10000000.0
3.00202e+20,2022-01-10,2022-01-10,2022-01-24,VEDANTA LIMITED,OC,11114.0,300.0,7905165.0,Maharashtra,300.0,Mumbai,OC11114,2022.0,2022-01-14,BHARATIYA JANATA PARTY,*******8244,691.0,5642191.0,2022.0,Delhi,691.0,New Delhi,10000000.0
3.00202e+20,2022-01-10,2022-01-10,2022-01-24,VEDANTA LIMITED,OC,11116.0,300.0,7905165.0,Maharashtra,300.0,Mumbai,OC11116,2022.0,2022-01-14,BHARATIYA JANATA PARTY,*******8244,691.0,5642191.0,2022.0,Delhi,691.0,New Delhi,10000000.0
3.00202e+20,2022-01-10,2022-01-10,2022-01-24,VEDANTA LIMITED,OC,11118.0,300.0,7905165.0,Maharashtra,300.0,Mumbai,OC11118,2022.0,2022-01-14,BHARATIYA JANATA PARTY,*******8244,691.0,5642191.0,2022.0,Delhi,691.0,New Delhi,10000000.0
3.00202e+20,2022-01-10,2022-01-10,2022-01-24,VEDANTA LIMITED,OC,11120.0,300.0,7905165.0,Maharashtra,300.0,Mumbai,OC11120,2022.0,2022-01-14,BHARATIYA JANATA PARTY,*******8244,691.0,5642191.0,2022.0,Delhi,691.0,New Delhi,10000000.0
3.00202e+20,2022-01-10,2022-01-10,2022-01-24,VEDANTA LIMITED,OC,11122.0,300.0,7905165.0,Maharashtra,300.0,Mumbai,OC11122,2022.0,2022-01-14,BHARATIYA JANATA PARTY,*******8244,691.0,5642191.0,2022.0,Delhi,691.0,New Delhi,10000000.0
3.00202e+20,2022-01-10,2022-01-10,2022-01-24,VEDANTA LIMITED,OC,11124.0,300.0,7905165.0,Maharashtra,300.0,Mumbai,OC11124,2022.0,2022-01-14,BHARATIYA JANATA PARTY,*******8244,691.0,5642191.0,2022.0,Delhi,691.0,New Delhi,10000000.0
3.00202e+20,2022-01-10,2022-01-10,2022-01-24,VEDANTA LIMITED,OC,11126.0,300.0,7905165.0,Maharashtra,300.0,Mumbai,OC11126,2022.0,2022-01-14,BHARATIYA JANATA PARTY,*******8244,691.0,5642191.0,2022.0,Delhi,691.0,New Delhi,10000000.0
3.00202e+20,2022-01-10,2022-01-10,2022-01-24,VEDANTA LIMITED,OC,11128.0,300.0,7905165.0,Maharashtra,300.0,Mumbai,OC11128,2022.0,2022-01-14,BHARATIYA JANATA PARTY,*******8244,691.0,5642191.0,2022.0,Delhi,691.0,New Delhi,10000000.0
3.00202e+20,2022-01-10,2022-01-10,2022-01-24,VEDANTA LIMITED,OC,11130.0,300.0,7905165.0,Maharashtra,300.0,Mumbai,OC11130,2022.0,2022-01-14,BHARATIYA JANATA PARTY,*******8244,691.0,5642191.0,2022.0,Delhi,691.0,New Delhi,10000000.0
3.00202e+20,2022-01-10,2022-01-10,2022-01-24,VEDANTA LIMITED,OC,11132.0,300.0,7905165.0,Maharashtra,300.0,Mumbai,OC11132,2022.0,2022-01-14,BHARATIYA JANATA PARTY,*******8244,691.0,5642191.0,2022.0,Delhi,691.0,New Delhi,10000000.0
3.00202e+20,2022-01-10,2022-01-10,2022-01-24,VEDANTA LIMITED,OC,11134.0,300.0,7905165.0,Maharashtra,300.0,Mumbai,OC11134,2022.0,2022-01-14,BHARATIYA JANATA PARTY,*******8244,691.0,5642191.0,2022.0,Delhi,691.0,New Delhi,10000000.0
3.00202e+20,2022-01-10,2022-01-10,2022-01-24,VEDANTA LIMITED,OC,11136.0,300.0,7905165.0,Maharashtra,300.0,Mumbai,OC11136,2022.0,2022-01-14,BHARATIYA JANATA PARTY,*******8244,691.0,5642191.0,2022.0,Delhi,691.0,New Delhi,10000000.0
3.00202e+20,2022-01-10,2022-01-10,2022-01-24,VEDANTA LIMITED,OC,11138.0,300.0,7905165.0,Maharashtra,300.0,Mumbai,OC11138,2022.0,2022-01-14,BHARATIYA JANATA PARTY,*******8244,691.0,5642191.0,2022.0,Delhi,691.0,New Delhi,10000000.0
3.00202e+20,2022-01-10,2022-01-10,2022-01-24,VEDANTA LIMITED,OC,11140.0,300.0,7905165.0,Maharashtra,300.0,Mumbai,OC11140,2022.0,2022-01-14,BHARATIYA JANATA PARTY,*******8244,691.0,5642191.0,2022.0,Delhi,691.0,New Delhi,10000000.0
3.00202e+20,2022-01-10,2022-01-10,2022-01-24,VEDANTA LIMITED,OC,11142.0,300.0,7905165.0,Maharashtra,300.0,Mumbai,OC11142,2022.0,2022-01-14,BHARATIYA JANATA PARTY,*******8244,691.0,5642191.0,2022.0,Delhi,691.0,New Delhi,10000000.0
3.00202e+20,2022-01-10,2022-01-10,2022-01-24,VEDANTA LIMITED,OC,11144.0,300.0,7905165.0,Maharashtra,300.0,Mumbai,OC11144,2022.0,2022-01-14,BHARATIYA JANATA PARTY,*******8244,691.0,5642191.0,2022.0,Delhi,691.0,New Delhi,10000000.0
3.00202e+20,2022-01-10,2022-01-10,2022-01-24,VEDANTA LIMITED,OC,11146.0,300.0,7905165.0,Maharashtra,300.0,Mumbai,OC11146,2022.0,2022-01-14,BHARATIYA JANATA PARTY,*******8244,691.0,5642191.0,2022.0,Delhi,691.0,New Delhi,10000000.0
3.00202e+20,2022-01-10,2022-01-10,2022-01-24,VEDANTA LIMITED,OC,11148.0,300.0,7905165.0,Maharashtra,300.0,Mumbai,OC11148,2022.0,2022-01-14,BHARATIYA JANATA PARTY,*******8244,691.0,5642191.0,2022.0,Delhi,691.0,New Delhi,10000000.0
3.00202e+20,2022-01-10,2022-01-10,2022-01-24,VEDANTA LIMITED,OC,11150.0,300.0,7905165.0,Maharashtra,300.0,Mumbai,OC11150,2022.0,2022-01-14,BHARATIYA JANATA PARTY,*******8244,691.0,5642191.0,2022.0,Delhi,691.0,New Delhi,10000000.0
3.00202e+20,2022-01-10,2022-01-10,2022-01-24,VEDANTA LIMITED,OC,11152.0,300.0,7905165.0,Maharashtra,300.0,Mumbai,OC11152,2022.0,2022-01-14,BHARATIYA JANATA PARTY,*******8244,691.0,5642191.0,2022.0,Delhi,691.0,New Delhi,10000000.0
3.00202e+20,2022-01-10,2022-01-10,2022-01-24,VEDANTA LIMITED,OC,11154.0,300.0,7905165.0,Maharashtra,300.0,Mumbai,OC11154,2022.0,2022-01-14,BHARATIYA JANATA PARTY,*******8244,691.0,5642191.0,2022.0,Delhi,691.0,New Delhi,10000000.0
3.00202e+20,2022-01-10,2022-01-10,2022-01-24,VEDANTA LIMITED,OC,11156.0,300.0,7905165.0,Maharashtra,300.0,Mumbai,OC11156,2022.0,2022-01-14,BHARATIYA JANATA PARTY,*******8244,691.0,5642191.0,2022.0,Delhi,691.0,New Delhi,10000000.0
3.00202e+20,2022-01-10,2022-01-10,2022-01-24,VEDANTA LIMITED,OC,11158.0,300.0,7905165.0,Maharashtra,300.0,Mumbai,OC11158,2022.0,2022-01-14,BHARATIYA JANATA PARTY,*******8244,691.0,5642191.0,2022.0,Delhi,691.0,New Delhi,10000000.0
3.00202e+20,2022-01-10,2022-01-10,2022-01-24,VEDANTA LIMITED,OC,11160.0,300.0,7905165.0,Maharashtra,300.0,Mumbai,OC11160,2022.0,2022-01-14,BHARATIYA JANATA PARTY,*******8244,691.0,5642191.0,2022.0,Delhi,691.0,New Delhi,10000000.0
3.00202e+20,2022-01-10,2022-01-10,2022-01-24,VEDANTA LIMITED,OC,11162.0,300.0,7905165.0,Maharashtra,300.0,Mumbai,OC11162,2022.0,2022-01-14,BHARATIYA JANATA PARTY,*******8244,691.0,5642191.0,2022.0,Delhi,691.0,New Delhi,10000000.0
3.00202e+20,2022-01-10,2022-01-10,2022-01-24,VEDANTA LIMITED,OC,11164.0,300.0,7905165.0,Maharashtra,300.0,Mumbai,OC11164,2022.0,2022-01-14,BHARATIYA JANATA PARTY,*******8244,691.0,5642191.0,2022.0,Delhi,691.0,New Delhi,10000000.0
3.00202e+20,2022-01-10,2022-01-10,2022-01-24,VEDANTA LIMITED,OC,11166.0,300.0,7905165.0,Maharashtra,300.0,Mumbai,OC11166,2022.0,2022-01-14,BHARATIYA JANATA PARTY,*******8244,691.0,5642191.0,2022.0,Delhi,691.0,New Delhi,10000000.0
3.00202e+20,2022-01-10,2022-01-10,2022-01-24,VEDANTA LIMITED,OC,11168.0,300.0,7905165.0,Maharashtra,300.0,Mumbai,OC11168,2022.0,2022-01-14,BHARATIYA JANATA PARTY,*******8244,691.0,5642191.0,2022.0,Delhi,691.0,New Delhi,10000000.0
3.00202e+20,2022-01-10,2022-01-10,2022-01-24,VEDANTA LIMITED,OC,11170.0,300.0,7905165.0,Maharashtra,300.0,Mumbai,OC11170,2022.0,2022-01-14,BHARATIYA JANATA PARTY,*******8244,691.0,5642191.0,2022.0,Delhi,691.0,New Delhi,10000000.0
3.00202e+20,2022-01-10,2022-01-10,2022-01-24,VEDANTA LIMITED,OC,11172.0,300.0,7905165.0,Maharashtra,300.0,Mumbai,OC11172,2022.0,2022-01-14,BHARATIYA JANATA PARTY,*******8244,691.0,5642191.0,2022.0,Delhi,691.0,New Delhi,10000000.0
3.00202e+20,2022-01-10,2022-01-10,2022-01-24,VEDANTA LIMITED,OC,11174.0,300.0,7905165.0,Maharashtra,300.0,Mumbai,OC11174,2022.0,2022-01-14,BHARATIYA JANATA PARTY,*******8244,691.0,5642191.0,2022.0,Delhi,691.0,New Delhi,10000000.0
3.00202e+20,2022-01-10,2022-01-10,2022-01-24,VEDANTA LIMITED,OC,11176.0,300.0,7905165.0,Maharashtra,300.0,Mumbai,OC11176,2022.0,2022-01-14,BHARATIYA JANATA PARTY,*******8244,691.0,5642191.0,2022.0,Delhi,691.0,New Delhi,10000000.0
3.00202e+20,2022-01-10,2022-01-10,2022-01-24,VEDANTA LIMITED,OC,11178.0,300.0,7905165.0,Maharashtra,300.0,Mumbai,OC11178,2022.0,2022-01-14,BHARATIYA JANATA PARTY,*******8244,691.0,5642191.0,2022.0,Delhi,691.0,New Delhi,10000000.0
3.00202e+20,2022-01-10,2022-01-10,2022-01-24,VEDANTA LIMITED,OC,11180.0,300.0,7905165.0,Maharashtra,300.0,Mumbai,OC11180,2022.0,2022-01-14,BHARATIYA JANATA PARTY,*******8244,691.0,5642191.0,2022.0,Delhi,691.0,New Delhi,10000000.0
3.00202e+20,2022-01-10,2022-01-10,2022-01-24,VEDANTA LIMITED,OC,11182.0,300.0,7905165.0,Maharashtra,300.0,Mumbai,OC11182,2022.0,2022-01-14,BHARATIYA JANATA PARTY,*******8244,691.0,5642191.0,2022.0,Delhi,691.0,New Delhi,10000000.0
3.00202e+20,2022-01-10,2022-01-10,2022-01-24,VEDANTA LIMITED,OC,11184.0,300.0,7905165.0,Maharashtra,300.0,Mumbai,OC11184,2022.0,2022-01-14,BHARATIYA JANATA PARTY,*******8244,691.0,5642191.0,2022.0,Delhi,691.0,New Delhi,10000000.0
3.00202e+20,2022-01-10,2022-01-10,2022-01-24,VEDANTA LIMITED,OC,11186.0,300.0,7905165.0,Maharashtra,300.0,Mumbai,OC11186,2022.0,2022-01-14,BHARATIYA JANATA PARTY,*******8244,691.0,5642191.0,2022.0,Delhi,691.0,New Delhi,10000000.0
3.00202e+20,2022-01-10,2022-01-10,2022-01-24,VEDANTA LIMITED,OC,11188.0,300.0,7905165.0,Maharashtra,300.0,Mumbai,OC11188,2022.0,2022-01-14,BHARATIYA JANATA PARTY,*******8244,691.0,5642191.0,2022.0,Delhi,691.0,New Delhi,10000000.0
3.00202e+20,2022-01-10,2022-01-10,2022-01-24,VEDANTA LIMITED,OC,11190.0,300.0,7905165.0,Maharashtra,300.0,Mumbai,OC11190,2022.0,2022-01-14,BHARATIYA JANATA PARTY,*******8244,691.0,5642191.0,2022.0,Delhi,691.0,New Delhi,10000000.0
3.00202e+20,2022-01-10,2022-01-10,2022-01-24,VEDANTA LIMITED,OC,11192.0,300.0,7905165.0,Maharashtra,300.0,Mumbai,OC11192,2022.0,2022-01-14,BHARATIYA JANATA PARTY,*******8244,691.0,5642191.0,2022.0,Delhi,691.0,New Delhi,10000000.0
3.00202e+20,2022-01-10,2022-01-10,2022-01-24,VEDANTA LIMITED,OC,11194.0,300.0,7905165.0,Maharashtra,300.0,Mumbai,OC11194,2022.0,2022-01-14,BHARATIYA JANATA PARTY,*******8244,691.0,5642191.0,2022.0,Delhi,691.0,New Delhi,10000000.0
3.00202e+20,2022-01-10,2022-01-10,2022-01-24,VEDANTA LIMITED,OC,11196.0,300.0,7905165.0,Maharashtra,300.0,Mumbai,OC11196,2022.0,2022-01-14,BHARATIYA JANATA PARTY,*******8244,691.0,5642191.0,2022.0,Delhi,691.0,New Delhi,10000000.0
3.00202e+20,2022-01-10,2022-01-10,2022-01-24,VEDANTA LIMITED,OC,11198.0,300.0,7905165.0,Maharashtra,300.0,Mumbai,OC11198,2022.0,2022-01-14,BHARATIYA JANATA PARTY,*******8244,691.0,5642191.0,2022.0,Delhi,691.0,New Delhi,10000000.0
3.00202e+20,2022-01-10,2022-01-10,2022-01-24,VEDANTA LIMITED,OC,11200.0,300.0,7905165.0,Maharashtra,300.0,Mumbai,OC11200,2022.0,2022-01-14,BHARATIYA JANATA PARTY,*******8244,691.0,5642191.0,2022.0,Delhi,691.0,New Delhi,10000000.0
3.00202e+20,2022-01-10,2022-01-10,2022-01-24,VEDANTA LIMITED,OC,11238.0,300.0,7905165.0,Maharashtra,300.0,Mumbai,OC11238,2022.0,2022-01-14,BHARATIYA JANATA PARTY,*******8244,691.0,5642191.0,2022.0,Delhi,691.0,New Delhi,10000000.0
3.00202e+20,2022-01-10,2022-01-10,2022-01-24,VEDANTA LIMITED,OC,11240.0,300.0,7905165.0,Maharashtra,300.0,Mumbai,OC11240,2022.0,2022-01-14,BHARATIYA JANATA PARTY,*******8244,691.0,5642191.0,2022.0,Delhi,691.0,New Delhi,10000000.0
3.00202e+20,2022-01-10,2022-01-10,2022-01-24,VEDANTA LIMITED,OC,11242.0,300.0,7905165.0,Maharashtra,300.0,Mumbai,OC11242,2022.0,2022-01-14,BHARATIYA JANATA PARTY,*******8244,691.0,5642191.0,2022.0,Delhi,691.0,New Delhi,10000000.0
3.00202e+20,2022-01-10,2022-01-10,2022-01-24,VEDANTA LIMITED,OC,11244.0,300.0,7905165.0,Maharashtra,300.0,Mumbai,OC11244,2022.0,2022-01-14,BHARATIYA JANATA PARTY,*******8244,691.0,5642191.0,2022.0,Delhi,691.0,New Delhi,10000000.0
3.00202e+20,2022-01-10,2022-01-10,2022-01-24,VEDANTA LIMITED,OC,11246.0,300.0,7905165.0,Maharashtra,300.0,Mumbai,OC11246,2022.0,2022-01-14,BHARATIYA JANATA PARTY,*******8244,691.0,5642191.0,2022.0,Delhi,691.0,New Delhi,10000000.0
3.00202e+20,2022-01-10,2022-01-10,2022-01-24,VEDANTA LIMITED,OC,11248.0,300.0,7905165.0,Maharashtra,300.0,Mumbai,OC11248,2022.0,2022-01-14,BHARATIYA JANATA PARTY,*******8244,691.0,5642191.0,2022.0,Delhi,691.0,New Delhi,10000000.0
3.00202e+20,2022-01-10,2022-01-10,2022-01-24,VEDANTA LIMITED,OC,11250.0,300.0,7905165.0,Maharashtra,300.0,Mumbai,OC11250,2022.0,2022-01-14,BHARATIYA JANATA PARTY,*******8244,691.0,5642191.0,2022.0,Delhi,691.0,New Delhi,10000000.0
3.00202e+20,2022-01-10,2022-01-10,2022-01-24,VEDANTA LIMITED,OC,11252.0,300.0,7905165.0,Maharashtra,300.0,Mumbai,OC11252,2022.0,2022-01-14,BHARATIYA JANATA PARTY,*******8244,691.0,5642191.0,2022.0,Delhi,691.0,New Delhi,10000000.0
3.00202e+20,2022-01-10,2022-01-10,2022-01-24,VEDANTA LIMITED,OC,11254.0,300.0,7905165.0,Maharashtra,300.0,Mumbai,OC11254,2022.0,2022-01-14,BHARATIYA JANATA PARTY,*******8244,691.0,5642191.0,2022.0,Delhi,691.0,New Delhi,10000000.0
3.00202e+20,2022-01-10,2022-01-10,2022-01-24,VEDANTA LIMITED,OC,11256.0,300.0,7905165.0,Maharashtra,300.0,Mumbai,OC11256,2022.0,2022-01-14,BHARATIYA JANATA PARTY,*******8244,691.0,5642191.0,2022.0,Delhi,691.0,New Delhi,10000000.0
3.00202e+20,2022-01-10,2022-01-10,2022-01-24,VEDANTA LIMITED,OC,11258.0,300.0,7905165.0,Maharashtra,300.0,Mumbai,OC11258,2022.0,2022-01-14,BHARATIYA JANATA PARTY,*******8244,691.0,5642191.0,2022.0,Delhi,691.0,New Delhi,10000000.0
3.00202e+20,2022-01-10,2022-01-10,2022-01-24,VEDANTA LIMITED,OC,11260.0,300.0,7905165.0,Maharashtra,300.0,Mumbai,OC11260,2022.0,2022-01-14,BHARATIYA JANATA PARTY,*******8244,691.0,5642191.0,2022.0,Delhi,691.0,New Delhi,10000000.0
3.00202e+20,2022-01-10,2022-01-10,2022-01-24,VEDANTA LIMITED,OC,11262.0,300.0,7905165.0,Maharashtra,300.0,Mumbai,OC11262,2022.0,2022-01-14,BHARATIYA JANATA PARTY,*******8244,691.0,5642191.0,2022.0,Delhi,691.0,New Delhi,10000000.0
6.91202e+20,2022-07-02,2022-07-02,2022-07-16,VEDANTA LIMITED,OC,11742.0,691.0,5972302.0,Delhi,691.0,New Delhi,OC11742,2022.0,2022-07-06,BIJU JANATA DAL,*******4340,41.0,7409060.0,2022.0,Odisha,41.0,Bhubaneswar,10000000.0
6.91202e+20,2022-07-02,2022-07-02,2022-07-16,VEDANTA LIMITED,OC,11744.0,691.0,5972302.0,Delhi,691.0,New Delhi,OC11744,2022.0,2022-07-06,BIJU JANATA DAL,*******4340,41.0,7409060.0,2022.0,Odisha,41.0,Bhubaneswar,10000000.0
6.91202e+20,2022-07-02,2022-07-02,2022-07-16,VEDANTA LIMITED,OC,11746.0,691.0,5972302.0,Delhi,691.0,New Delhi,OC11746,2022.0,2022-07-06,BIJU JANATA DAL,*******4340,41.0,7409060.0,2022.0,Odisha,41.0,Bhubaneswar,10000000.0
6.91202e+20,2022-07-02,2022-07-02,2022-07-16,VEDANTA LIMITED,OC,11748.0,691.0,5972302.0,Delhi,691.0,New Delhi,OC11748,2022.0,2022-07-06,BIJU JANATA DAL,*******4340,41.0,7409060.0,2022.0,Odisha,41.0,Bhubaneswar,10000000.0
6.91202e+20,2022-07-02,2022-07-02,2022-07-16,VEDANTA LIMITED,OC,11750.0,691.0,5972302.0,Delhi,691.0,New Delhi,OC11750,2022.0,2022-07-06,BIJU JANATA DAL,*******4340,41.0,7409060.0,2022.0,Odisha,41.0,Bhubaneswar,10000000.0
6.91202e+20,2022-07-02,2022-07-02,2022-07-16,VEDANTA LIMITED,OC,11752.0,691.0,5972302.0,Delhi,691.0,New Delhi,OC11752,2022.0,2022-07-06,BIJU JANATA DAL,*******4340,41.0,7409060.0,2022.0,Odisha,41.0,Bhubaneswar,10000000.0
6.91202e+20,2022-07-02,2022-07-02,2022-07-16,VEDANTA LIMITED,OC,11754.0,691.0,5972302.0,Delhi,691.0,New Delhi,OC11754,2022.0,2022-07-06,BIJU JANATA DAL,*******4340,41.0,7409060.0,2022.0,Odisha,41.0,Bhubaneswar,10000000.0
6.91202e+20,2022-07-02,2022-07-02,2022-07-16,VEDANTA LIMITED,OC,11756.0,691.0,5972302.0,Delhi,691.0,New Delhi,OC11756,2022.0,2022-07-06,BIJU JANATA DAL,*******4340,41.0,7409060.0,2022.0,Odisha,41.0,Bhubaneswar,10000000.0
6.91202e+20,2022-07-02,2022-07-02,2022-07-16,VEDANTA LIMITED,OC,11758.0,691.0,5972302.0,Delhi,691.0,New Delhi,OC11758,2022.0,2022-07-06,BIJU JANATA DAL,*******4340,41.0,7409060.0,2022.0,Odisha,41.0,Bhubaneswar,10000000.0
6.91202e+20,2022-07-02,2022-07-02,2022-07-16,VEDANTA LIMITED,OC,11760.0,691.0,5972302.0,Delhi,691.0,New Delhi,OC11760,2022.0,2022-07-06,BIJU JANATA DAL,*******4340,41.0,7409060.0,2022.0,Odisha,41.0,Bhubaneswar,10000000.0
6.91202e+20,2022-07-02,2022-07-02,2022-07-16,VEDANTA LIMITED,OC,11762.0,691.0,5972302.0,Delhi,691.0,New Delhi,OC11762,2022.0,2022-07-06,BIJU JANATA DAL,*******4340,41.0,7409060.0,2022.0,Odisha,41.0,Bhubaneswar,10000000.0
6.91202e+20,2022-07-02,2022-07-02,2022-07-16,VEDANTA LIMITED,OC,11764.0,691.0,5972302.0,Delhi,691.0,New Delhi,OC11764,2022.0,2022-07-06,BIJU JANATA DAL,*******4340,41.0,7409060.0,2022.0,Odisha,41.0,Bhubaneswar,10000000.0
6.91202e+20,2022-07-02,2022-07-02,2022-07-16,VEDANTA LIMITED,OC,11766.0,691.0,5972302.0,Delhi,691.0,New Delhi,OC11766,2022.0,2022-07-06,BIJU JANATA DAL,*******4340,41.0,7409060.0,2022.0,Odisha,41.0,Bhubaneswar,10000000.0
6.91202e+20,2022-07-02,2022-07-02,2022-07-16,VEDANTA LIMITED,OC,11768.0,691.0,5972302.0,Delhi,691.0,New Delhi,OC11768,2022.0,2022-07-06,BIJU JANATA DAL,*******4340,41.0,7409060.0,2022.0,Odisha,41.0,Bhubaneswar,10000000.0
6.91202e+20,2022-07-02,2022-07-02,2022-07-16,VEDANTA LIMITED,OC,11770.0,691.0,5972302.0,Delhi,691.0,New Delhi,OC11770,2022.0,2022-07-06,BIJU JANATA DAL,*******4340,41.0,7409060.0,2022.0,Odisha,41.0,Bhubaneswar,10000000.0
6.91202e+20,2022-07-02,2022-07-02,2022-07-16,VEDANTA LIMITED,OC,11772.0,691.0,5972302.0,Delhi,691.0,New Delhi,OC11772,2022.0,2022-07-06,BIJU JANATA DAL,*******4340,41.0,7409060.0,2022.0,Odisha,41.0,Bhubaneswar,10000000.0
6.91202e+20,2022-07-02,2022-07-02,2022-07-16,VEDANTA LIMITED,OC,11774.0,691.0,5972302.0,Delhi,691.0,New Delhi,OC11774,2022.0,2022-07-06,BIJU JANATA DAL,*******4340,41.0,7409060.0,2022.0,Odisha,41.0,Bhubaneswar,10000000.0
6.91202e+20,2022-07-02,2022-07-02,2022-07-16,VEDANTA LIMITED,OC,11776.0,691.0,5972302.0,Delhi,691.0,New Delhi,OC11776,2022.0,2022-07-06,BIJU JANATA DAL,*******4340,41.0,7409060.0,2022.0,Odisha,41.0,Bhubaneswar,10000000.0
6.91202e+20,2022-07-02,2022-07-02,2022-07-16,VEDANTA LIMITED,OC,11778.0,691.0,5972302.0,Delhi,691.0,New Delhi,OC11778,2022.0,2022-07-06,BIJU JANATA DAL,*******4340,41.0,7409060.0,2022.0,Odisha,41.0,Bhubaneswar,10000000.0
6.91202e+20,2022-07-02,2022-07-02,2022-07-16,VEDANTA LIMITED,OC,11780.0,691.0,5972302.0,Delhi,691.0,New Delhi,OC11780,2022.0,2022-07-06,BIJU JANATA DAL,*******4340,41.0,7409060.0,2022.0,Odisha,41.0,Bhubaneswar,10000000.0
6.91202e+20,2022-07-02,2022-07-02,2022-07-16,VEDANTA LIMITED,OC,11782.0,691.0,5972302.0,Delhi,691.0,New Delhi,OC11782,2022.0,2022-07-06,BIJU JANATA DAL,*******4340,41.0,7409060.0,2022.0,Odisha,41.0,Bhubaneswar,10000000.0
6.91202e+20,2022-07-02,2022-07-02,2022-07-16,VEDANTA LIMITED,OC,11784.0,691.0,5972302.0,Delhi,691.0,New Delhi,OC11784,2022.0,2022-07-06,BIJU JANATA DAL,*******4340,41.0,7409060.0,2022.0,Odisha,41.0,Bhubaneswar,10000000.0
6.91202e+20,2022-07-02,2022-07-02,2022-07-16,VEDANTA LIMITED,OC,11786.0,691.0,5972302.0,Delhi,691.0,New Delhi,OC11786,2022.0,2022-07-06,BIJU JANATA DAL,*******4340,41.0,7409060.0,2022.0,Odisha,41.0,Bhubaneswar,10000000.0
6.91202e+20,2022-07-02,2022-07-02,2022-07-16,VEDANTA LIMITED,OC,11788.0,691.0,5972302.0,Delhi,691.0,New Delhi,OC11788,2022.0,2022-07-06,BIJU JANATA DAL,*******4340,41.0,7409060.0,2022.0,Odisha,41.0,Bhubaneswar,10000000.0
6.91202e+20,2022-07-02,2022-07-02,2022-07-16,VEDANTA LIMITED,OC,11790.0,691.0,5972302.0,Delhi,691.0,New Delhi,OC11790,2022.0,2022-07-06,BIJU JANATA DAL,*******4340,41.0,7409060.0,2022.0,Odisha,41.0,Bhubaneswar,10000000.0
6.91202e+20,2022-07-07,2022-07-07,2022-07-21,VEDANTA LIMITED,OC,11792.0,691.0,5972302.0,Delhi,691.0,New Delhi,OC11792,2022.0,2022-07-11,"PRESIDENT, ALL INDIA CONGRESS COMMITTEE",*******4012,691.0,7516991.0,2022.0,Delhi,691.0,New Delhi,10000000.0
6.91202e+20,2022-07-07,2022-07-07,2022-07-21,VEDANTA LIMITED,OC,11794.0,691.0,5972302.0,Delhi,691.0,New Delhi,OC11794,2022.0,2022-07-11,"PRESIDENT, ALL INDIA CONGRESS COMMITTEE",*******4012,691.0,7516991.0,2022.0,Delhi,691.0,New Delhi,10000000.0
6.91202e+20,2022-07-07,2022-07-07,2022-07-21,VEDANTA LIMITED,OC,11796.0,691.0,5972302.0,Delhi,691.0,New Delhi,OC11796,2022.0,2022-07-11,"PRESIDENT, ALL INDIA CONGRESS COMMITTEE",*******4012,691.0,7516991.0,2022.0,Delhi,691.0,New Delhi,10000000.0
6.91202e+20,2022-07-07,2022-07-07,2022-07-21,VEDANTA LIMITED,OC,11798.0,691.0,5972302.0,Delhi,691.0,New Delhi,OC11798,2022.0,2022-07-11,"PRESIDENT, ALL INDIA CONGRESS COMMITTEE",*******4012,691.0,7516991.0,2022.0,Delhi,691.0,New Delhi,10000000.0
6.91202e+20,2022-07-07,2022-07-07,2022-07-21,VEDANTA LIMITED,OC,11800.0,691.0,5972302.0,Delhi,691.0,New Delhi,OC11800,2022.0,2022-07-11,"PRESIDENT, ALL INDIA CONGRESS COMMITTEE",*******4012,691.0,7516991.0,2022.0,Delhi,691.0,New Delhi,10000000.0
6.91202e+20,2022-07-07,2022-07-07,2022-07-21,VEDANTA LIMITED,OC,11802.0,691.0,5972302.0,Delhi,691.0,New Delhi,OC11802,2022.0,2022-07-11,"PRESIDENT, ALL INDIA CONGRESS COMMITTEE",*******4012,691.0,7516991.0,2022.0,Delhi,691.0,New Delhi,10000000.0
6.91202e+20,2022-07-07,2022-07-07,2022-07-21,VEDANTA LIMITED,OC,11804.0,691.0,5972302.0,Delhi,691.0,New Delhi,OC11804,2022.0,2022-07-11,"PRESIDENT, ALL INDIA CONGRESS COMMITTEE",*******4012,691.0,7516991.0,2022.0,Delhi,691.0,New Delhi,10000000.0
6.91202e+20,2022-07-07,2022-07-07,2022-07-21,VEDANTA LIMITED,OC,11806.0,691.0,5972302.0,Delhi,691.0,New Delhi,OC11806,2022.0,2022-07-11,"PRESIDENT, ALL INDIA CONGRESS COMMITTEE",*******4012,691.0,7516991.0,2022.0,Delhi,691.0,New Delhi,10000000.0
6.91202e+20,2022-07-07,2022-07-07,2022-07-21,VEDANTA LIMITED,OC,11808.0,691.0,5972302.0,Delhi,691.0,New Delhi,OC11808,2022.0,2022-07-11,"PRESIDENT, ALL INDIA CONGRESS COMMITTEE",*******4012,691.0,7516991.0,2022.0,Delhi,691.0,New Delhi,10000000.0
6.91202e+20,2022-07-07,2022-07-07,2022-07-21,VEDANTA LIMITED,OC,11810.0,691.0,5972302.0,Delhi,691.0,New Delhi,OC11810,2022.0,2022-07-11,"PRESIDENT, ALL INDIA CONGRESS COMMITTEE",*******4012,691.0,7516991.0,2022.0,Delhi,691.0,New Delhi,10000000.0
6.91202e+20,2022-07-07,2022-07-07,2022-07-21,VEDANTA LIMITED,OC,11812.0,691.0,5972302.0,Delhi,691.0,New Delhi,OC11812,2022.0,2022-07-11,"PRESIDENT, ALL INDIA CONGRESS COMMITTEE",*******4012,691.0,7516991.0,2022.0,Delhi,691.0,New Delhi,10000000.0
6.91202e+20,2022-07-07,2022-07-07,2022-07-21,VEDANTA LIMITED,OC,11814.0,691.0,5972302.0,Delhi,691.0,New Delhi,OC11814,2022.0,2022-07-11,"PRESIDENT, ALL INDIA CONGRESS COMMITTEE",*******4012,691.0,7516991.0,2022.0,Delhi,691.0,New Delhi,10000000.0
6.91202e+20,2022-07-07,2022-07-07,2022-07-21,VEDANTA LIMITED,OC,11816.0,691.0,5972302.0,Delhi,691.0,New Delhi,OC11816,2022.0,2022-07-11,"PRESIDENT, ALL INDIA CONGRESS COMMITTEE",*******4012,691.0,7516991.0,2022.0,Delhi,691.0,New Delhi,10000000.0
6.91202e+20,2022-07-07,2022-07-07,2022-07-21,VEDANTA LIMITED,OC,11818.0,691.0,5972302.0,Delhi,691.0,New Delhi,OC11818,2022.0,2022-07-11,"PRESIDENT, ALL INDIA CONGRESS COMMITTEE",*******4012,691.0,7516991.0,2022.0,Delhi,691.0,New Delhi,10000000.0
6.91202e+20,2022-07-07,2022-07-07,2022-07-21,VEDANTA LIMITED,OC,11820.0,691.0,5972302.0,Delhi,691.0,New Delhi,OC11820,2022.0,2022-07-11,"PRESIDENT, ALL INDIA CONGRESS COMMITTEE",*******4012,691.0,7516991.0,2022.0,Delhi,691.0,New Delhi,10000000.0
6.91202e+20,2022-07-07,2022-07-07,2022-07-21,VEDANTA LIMITED,OC,11822.0,691.0,5972302.0,Delhi,691.0,New Delhi,OC11822,2022.0,2022-07-11,"PRESIDENT, ALL INDIA CONGRESS COMMITTEE",*******4012,691.0,7516991.0,2022.0,Delhi,691.0,New Delhi,10000000.0
6.91202e+20,2022-07-07,2022-07-07,2022-07-21,VEDANTA LIMITED,OC,11826.0,691.0,5972302.0,Delhi,691.0,New Delhi,OC11826,2022.0,2022-07-11,"PRESIDENT, ALL INDIA CONGRESS COMMITTEE",*******4012,691.0,7516991.0,2022.0,Delhi,691.0,New Delhi,10000000.0
6.91202e+20,2022-07-07,2022-07-07,2022-07-21,VEDANTA LIMITED,OC,11828.0,691.0,5972302.0,Delhi,691.0,New Delhi,OC11828,2022.0,2022-07-11,"PRESIDENT, ALL INDIA CONGRESS COMMITTEE",*******4012,691.0,7516991.0,2022.0,Delhi,691.0,New Delhi,10000000.0
6.91202e+20,2022-07-07,2022-07-07,2022-07-21,VEDANTA LIMITED,OC,11830.0,691.0,5972302.0,Delhi,691.0,New Delhi,OC11830,2022.0,2022-07-11,"PRESIDENT, ALL INDIA CONGRESS COMMITTEE",*******4012,691.0,7516991.0,2022.0,Delhi,691.0,New Delhi,10000000.0
6.91202e+20,2022-07-07,2022-07-07,2022-07-21,VEDANTA LIMITED,OC,11832.0,691.0,5972302.0,Delhi,691.0,New Delhi,OC11832,2022.0,2022-07-11,"PRESIDENT, ALL INDIA CONGRESS COMMITTEE",*******4012,691.0,7516991.0,2022.0,Delhi,691.0,New Delhi,10000000.0
6.91202e+20,2022-11-14,2022-11-14,2022-11-28,VEDANTA LIMITED,OC,12507.0,691.0,5972302.0,Delhi,691.0,New Delhi,OC12507,2022.0,2022-11-16,BHARATIYA JANATA PARTY,*******8244,691.0,8212066.0,2022.0,Delhi,691.0,New Delhi,10000000.0
6.91202e+20,2022-11-14,2022-11-14,2022-11-28,VEDANTA LIMITED,OC,12509.0,691.0,5972302.0,Delhi,691.0,New Delhi,OC12509,2022.0,2022-11-16,BHARATIYA JANATA PARTY,*******8244,691.0,8212066.0,2022.0,Delhi,691.0,New Delhi,10000000.0
6.91202e+20,2022-11-14,2022-11-14,2022-11-28,VEDANTA LIMITED,OC,12511.0,691.0,5972302.0,Delhi,691.0,New Delhi,OC12511,2022.0,2022-11-16,BHARATIYA JANATA PARTY,*******8244,691.0,8212066.0,2022.0,Delhi,691.0,New Delhi,10000000.0
6.91202e+20,2022-11-14,2022-11-14,2022-11-28,VEDANTA LIMITED,OC,12513.0,691.0,5972302.0,Delhi,691.0,New Delhi,OC12513,2022.0,2022-11-16,BHARATIYA JANATA PARTY,*******8244,691.0,8212066.0,2022.0,Delhi,691.0,New Delhi,10000000.0
6.91202e+20,2022-11-14,2022-11-14,2022-11-28,VEDANTA LIMITED,OC,12515.0,691.0,5972302.0,Delhi,691.0,New Delhi,OC12515,2022.0,2022-11-16,BHARATIYA JANATA PARTY,*******8244,691.0,8212066.0,2022.0,Delhi,691.0,New Delhi,10000000.0
6.91202e+20,2022-11-14,2022-11-14,2022-11-28,VEDANTA LIMITED,OC,12516.0,691.0,5972302.0,Delhi,691.0,New Delhi,OC12516,2022.0,2022-11-16,"PRESIDENT, ALL INDIA CONGRESS COMMITTEE",*******4012,691.0,5972302.0,2022.0,Delhi,691.0,New Delhi,10000000.0
6.91202e+20,2022-11-14,2022-11-14,2022-11-28,VEDANTA LIMITED,OC,12517.0,691.0,5972302.0,Delhi,691.0,New Delhi,OC12517,2022.0,2022-11-16,BHARATIYA JANATA PARTY,*******8244,691.0,8212066.0,2022.0,Delhi,691.0,New Delhi,10000000.0
6.91202e+20,2022-11-14,2022-11-14,2022-11-28,VEDANTA LIMITED,OC,12518.0,691.0,5972302.0,Delhi,691.0,New Delhi,OC12518,2022.0,2022-11-16,"PRESIDENT, ALL INDIA CONGRESS COMMITTEE",*******4012,691.0,5972302.0,2022.0,Delhi,691.0,New Delhi,10000000.0
6.91202e+20,2022-11-14,2022-11-14,2022-11-28,VEDANTA LIMITED,OC,12519.0,691.0,5972302.0,Delhi,691.0,New Delhi,OC12519,2022.0,2022-11-16,BHARATIYA JANATA PARTY,*******8244,691.0,8212066.0,2022.0,Delhi,691.0,New Delhi,10000000.0
6.91202e+20,2022-11-14,2022-11-14,2022-11-28,VEDANTA LIMITED,OC,12520.0,691.0,5972302.0,Delhi,691.0,New Delhi,OC12520,2022.0,2022-11-16,"PRESIDENT, ALL INDIA CONGRESS COMMITTEE",*******4012,691.0,5972302.0,2022.0,Delhi,691.0,New Delhi,10000000.0
6.91202e+20,2022-11-14,2022-11-14,2022-11-28,VEDANTA LIMITED,OC,12521.0,691.0,5972302.0,Delhi,691.0,New Delhi,OC12521,2022.0,2022-11-16,BHARATIYA JANATA PARTY,*******8244,691.0,8212066.0,2022.0,Delhi,691.0,New Delhi,10000000.0
6.91202e+20,2022-11-14,2022-11-14,2022-11-28,VEDANTA LIMITED,OC,12522.0,691.0,5972302.0,Delhi,691.0,New Delhi,OC12522,2022.0,2022-11-16,BHARATIYA JANATA PARTY,*******8244,691.0,8212066.0,2022.0,Delhi,691.0,New Delhi,10000000.0
6.91202e+20,2022-11-14,2022-11-14,2022-11-28,VEDANTA LIMITED,OC,12523.0,691.0,5972302.0,Delhi,691.0,New Delhi,OC12523,2022.0,2022-11-16,BHARATIYA JANATA PARTY,*******8244,691.0,8212066.0,2022.0,Delhi,691.0,New Delhi,10000000.0
6.91202e+20,2022-11-14,2022-11-14,2022-11-28,VEDANTA LIMITED,OC,12524.0,691.0,5972302.0,Delhi,691.0,New Delhi,OC12524,2022.0,2022-11-16,BHARATIYA JANATA PARTY,*******8244,691.0,8212066.0,2022.0,Delhi,691.0,New Delhi,10000000.0
6.91202e+20,2022-11-14,2022-11-14,2022-11-28,VEDANTA LIMITED,OC,12525.0,691.0,5972302.0,Delhi,691.0,New Delhi,OC12525,2022.0,2022-11-16,BHARATIYA JANATA PARTY,*******8244,691.0,8212066.0,2022.0,Delhi,691.0,New Delhi,10000000.0
6.91202e+20,2022-11-14,2022-11-14,2022-11-28,VEDANTA LIMITED,OC,12526.0,691.0,5972302.0,Delhi,691.0,New Delhi,OC12526,2022.0,2022-11-16,BHARATIYA JANATA PARTY,*******8244,691.0,8212066.0,2022.0,Delhi,691.0,New Delhi,10000000.0
6.91202e+20,2022-11-14,2022-11-14,2022-11-28,VEDANTA LIMITED,OC,12527.0,691.0,5972302.0,Delhi,691.0,New Delhi,OC12527,2022.0,2022-11-16,BHARATIYA JANATA PARTY,*******8244,691.0,8212066.0,2022.0,Delhi,691.0,New Delhi,10000000.0
6.91202e+20,2022-11-14,2022-11-14,2022-11-28,VEDANTA LIMITED,OC,12528.0,691.0,5972302.0,Delhi,691.0,New Delhi,OC12528,2022.0,2022-11-16,BHARATIYA JANATA PARTY,*******8244,691.0,8212066.0,2022.0,Delhi,691.0,New Delhi,10000000.0
6.91202e+20,2022-11-14,2022-11-14,2022-11-28,VEDANTA LIMITED,OC,12529.0,691.0,5972302.0,Delhi,691.0,New Delhi,OC12529,2022.0,2022-11-16,BHARATIYA JANATA PARTY,*******8244,691.0,8212066.0,2022.0,Delhi,691.0,New Delhi,10000000.0
6.91202e+20,2022-11-14,2022-11-14,2022-11-28,VEDANTA LIMITED,OC,12530.0,691.0,5972302.0,Delhi,691.0,New Delhi,OC12530,2022.0,2022-11-16,BHARATIYA JANATA PARTY,*******8244,691.0,8212066.0,2022.0,Delhi,691.0,New Delhi,10000000.0
6.91202e+20,2022-11-14,2022-11-14,2022-11-28,VEDANTA LIMITED,OC,12531.0,691.0,5972302.0,Delhi,691.0,New Delhi,OC12531,2022.0,2022-11-16,BHARATIYA JANATA PARTY,*******8244,691.0,8212066.0,2022.0,Delhi,691.0,New Delhi,10000000.0
6.91202e+20,2022-11-14,2022-11-14,2022-11-28,VEDANTA LIMITED,OC,12532.0,691.0,5972302.0,Delhi,691.0,New Delhi,OC12532,2022.0,2022-11-16,BHARATIYA JANATA PARTY,*******8244,691.0,8212066.0,2022.0,Delhi,691.0,New Delhi,10000000.0
6.91202e+20,2022-11-14,2022-11-14,2022-11-28,VEDANTA LIMITED,OC,12533.0,691.0,5972302.0,Delhi,691.0,New Delhi,OC12533,2022.0,2022-11-16,BHARATIYA JANATA PARTY,*******8244,691.0,8212066.0,2022.0,Delhi,691.0,New Delhi,10000000.0
6.91202e+20,2022-11-14,2022-11-14,2022-11-28,VEDANTA LIMITED,OC,12534.0,691.0,5972302.0,Delhi,691.0,New Delhi,OC12534,2022.0,2022-11-16,BHARATIYA JANATA PARTY,*******8244,691.0,8212066.0,2022.0,Delhi,691.0,New Delhi,10000000.0
6.91202e+20,2022-11-14,2022-11-14,2022-11-28,VEDANTA LIMITED,OC,12535.0,691.0,5972302.0,Delhi,691.0,New Delhi,OC12535,2022.0,2022-11-16,BHARATIYA JANATA PARTY,*******8244,691.0,8212066.0,2022.0,Delhi,691.0,New Delhi,10000000.0
6.91202e+20,2022-11-14,2022-11-14,2022-11-28,VEDANTA LIMITED,OC,12536.0,691.0,5972302.0,Delhi,691.0,New Delhi,OC12536,2022.0,2022-11-16,BHARATIYA JANATA PARTY,*******8244,691.0,8212066.0,2022.0,Delhi,691.0,New Delhi,10000000.0
6.91202e+20,2022-11-14,2022-11-14,2022-11-28,VEDANTA LIMITED,OC,12537.0,691.0,5972302.0,Delhi,691.0,New Delhi,OC12537,2022.0,2022-11-16,BHARATIYA JANATA PARTY,*******8244,691.0,8212066.0,2022.0,Delhi,691.0,New Delhi,10000000.0
6.91202e+20,2022-11-14,2022-11-14,2022-11-28,VEDANTA LIMITED,OC,12538.0,691.0,5972302.0,Delhi,691.0,New Delhi,OC12538,2022.0,2022-11-16,BHARATIYA JANATA PARTY,*******8244,691.0,8212066.0,2022.0,Delhi,691.0,New Delhi,10000000.0
6.91202e+20,2022-11-14,2022-11-14,2022-11-28,VEDANTA LIMITED,OC,12539.0,691.0,5972302.0,Delhi,691.0,New Delhi,OC12539,2022.0,2022-11-16,BHARATIYA JANATA PARTY,*******8244,691.0,8212066.0,2022.0,Delhi,691.0,New Delhi,10000000.0
6.91202e+20,2022-11-14,2022-11-14,2022-11-28,VEDANTA LIMITED,OC,12540.0,691.0,5972302.0,Delhi,691.0,New Delhi,OC12540,2022.0,2022-11-16,BHARATIYA JANATA PARTY,*******8244,691.0,8212066.0,2022.0,Delhi,691.0,New Delhi,10000000.0
6.91202e+20,2022-11-14,2022-11-14,2022-11-28,VEDANTA LIMITED,OC,12541.0,691.0,5972302.0,Delhi,691.0,New Delhi,OC12541,2022.0,2022-11-16,BHARATIYA JANATA PARTY,*******8244,691.0,8212066.0,2022.0,Delhi,691.0,New Delhi,10000000.0
6.91202e+20,2022-11-14,2022-11-14,2022-11-28,VEDANTA LIMITED,OC,12543.0,691.0,5972302.0,Delhi,691.0,New Delhi,OC12543,2022.0,2022-11-16,BHARATIYA JANATA PARTY,*******8244,691.0,8212066.0,2022.0,Delhi,691.0,New Delhi,10000000.0
6.91202e+20,2022-11-14,2022-11-14,2022-11-28,VEDANTA LIMITED,OC,12545.0,691.0,5972302.0,Delhi,691.0,New Delhi,OC12545,2022.0,2022-11-16,BHARATIYA JANATA PARTY,*******8244,691.0,8212066.0,2022.0,Delhi,691.0,New Delhi,10000000.0
6.91202e+20,2022-11-14,2022-11-14,2022-11-28,VEDANTA LIMITED,OC,12547.0,691.0,5972302.0,Delhi,691.0,New Delhi,OC12547,2022.0,2022-11-16,BHARATIYA JANATA PARTY,*******8244,691.0,8212066.0,2022.0,Delhi,691.0,New Delhi,10000000.0
6.91202e+20,2022-11-14,2022-11-14,2022-11-28,VEDANTA LIMITED,OC,12549.0,691.0,5972302.0,Delhi,691.0,New Delhi,OC12549,2022.0,2022-11-16,BHARATIYA JANATA PARTY,*******8244,691.0,8212066.0,2022.0,Delhi,691.0,New Delhi,10000000.0
6.91202e+20,2022-11-14,2022-11-14,2022-11-28,VEDANTA LIMITED,OC,12551.0,691.0,5972302.0,Delhi,691.0,New Delhi,OC12551,2022.0,2022-11-16,BHARATIYA JANATA PARTY,*******8244,691.0,8212066.0,2022.0,Delhi,691.0,New Delhi,10000000.0
6.91202e+20,2022-11-14,2022-11-14,2022-11-28,VEDANTA LIMITED,OC,12553.0,691.0,5972302.0,Delhi,691.0,New Delhi,OC12553,2022.0,2022-11-16,BHARATIYA JANATA PARTY,*******8244,691.0,8212066.0,2022.0,Delhi,691.0,New Delhi,10000000.0
6.91202e+20,2022-11-14,2022-11-14,2022-11-28,VEDANTA LIMITED,OC,12555.0,691.0,5972302.0,Delhi,691.0,New Delhi,OC12555,2022.0,2022-11-16,BHARATIYA JANATA PARTY,*******8244,691.0,8212066.0,2022.0,Delhi,691.0,New Delhi,10000000.0
6.91202e+20,2022-11-14,2022-11-14,2022-11-28,VEDANTA LIMITED,OC,12557.0,691.0,5972302.0,Delhi,691.0,New Delhi,OC12557,2022.0,2022-11-16,BHARATIYA JANATA PARTY,*******8244,691.0,8212066.0,2022.0,Delhi,691.0,New Delhi,10000000.0
6.91202e+20,2022-11-14,2022-11-14,2022-11-28,VEDANTA LIMITED,OC,12559.0,691.0,5972302.0,Delhi,691.0,New Delhi,OC12559,2022.0,2022-11-16,BHARATIYA JANATA PARTY,*******8244,691.0,8212066.0,2022.0,Delhi,691.0,New Delhi,10000000.0
6.91202e+20,2022-11-14,2022-11-14,2022-11-28,VEDANTA LIMITED,OC,12561.0,691.0,5972302.0,Delhi,691.0,New Delhi,OC12561,2022.0,2022-11-16,BHARATIYA JANATA PARTY,*******8244,691.0,8212066.0,2022.0,Delhi,691.0,New Delhi,10000000.0
6.91202e+20,2022-11-14,2022-11-14,2022-11-28,VEDANTA LIMITED,OC,12563.0,691.0,5972302.0,Delhi,691.0,New Delhi,OC12563,2022.0,2022-11-16,BHARATIYA JANATA PARTY,*******8244,691.0,8212066.0,2022.0,Delhi,691.0,New Delhi,10000000.0
6.91202e+20,2022-11-14,2022-11-14,2022-11-28,VEDANTA LIMITED,OC,12565.0,691.0,5972302.0,Delhi,691.0,New Delhi,OC12565,2022.0,2022-11-16,BHARATIYA JANATA PARTY,*******8244,691.0,8212066.0,2022.0,Delhi,691.0,New Delhi,10000000.0
6.91202e+20,2022-11-14,2022-11-14,2022-11-28,VEDANTA LIMITED,OC,12567.0,691.0,5972302.0,Delhi,691.0,New Delhi,OC12567,2022.0,2022-11-16,BHARATIYA JANATA PARTY,*******8244,691.0,8212066.0,2022.0,Delhi,691.0,New Delhi,10000000.0
6.91202e+20,2022-11-14,2022-11-14,2022-11-28,VEDANTA LIMITED,OC,12569.0,691.0,5972302.0,Delhi,691.0,New Delhi,OC12569,2022.0,2022-11-16,BHARATIYA JANATA PARTY,*******8244,691.0,8212066.0,2022.0,Delhi,691.0,New Delhi,10000000.0
6.91202e+20,2022-11-14,2022-11-14,2022-11-28,VEDANTA LIMITED,OC,12571.0,691.0,5972302.0,Delhi,691.0,New Delhi,OC12571,2022.0,2022-11-16,BHARATIYA JANATA PARTY,*******8244,691.0,8212066.0,2022.0,Delhi,691.0,New Delhi,10000000.0
6.91202e+20,2022-11-14,2022-11-14,2022-11-28,VEDANTA LIMITED,OC,12573.0,691.0,5972302.0,Delhi,691.0,New Delhi,OC12573,2022.0,2022-11-16,BHARATIYA JANATA PARTY,*******8244,691.0,8212066.0,2022.0,Delhi,691.0,New Delhi,10000000.0
6.91202e+20,2022-11-14,2022-11-14,2022-11-28,VEDANTA LIMITED,OC,12575.0,691.0,5972302.0,Delhi,691.0,New Delhi,OC12575,2022.0,2022-11-16,BHARATIYA JANATA PARTY,*******8244,691.0,8212066.0,2022.0,Delhi,691.0,New Delhi,10000000.0
6.91202e+20,2022-11-14,2022-11-14,2022-11-28,VEDANTA LIMITED,OC,12577.0,691.0,5972302.0,Delhi,691.0,New Delhi,OC12577,2022.0,2022-11-16,BHARATIYA JANATA PARTY,*******8244,691.0,8212066.0,2022.0,Delhi,691.0,New Delhi,10000000.0
6.91202e+20,2022-11-14,2022-11-14,2022-11-28,VEDANTA LIMITED,OC,12579.0,691.0,5972302.0,Delhi,691.0,New Delhi,OC12579,2022.0,2022-11-16,BHARATIYA JANATA PARTY,*******8244,691.0,8212066.0,2022.0,Delhi,691.0,New Delhi,10000000.0
6.91202e+20,2022-11-14,2022-11-14,2022-11-28,VEDANTA LIMITED,OC,12581.0,691.0,5972302.0,Delhi,691.0,New Delhi,OC12581,2022.0,2022-11-16,BHARATIYA JANATA PARTY,*******8244,691.0,8212066.0,2022.0,Delhi,691.0,New Delhi,10000000.0
6.91202e+20,2022-11-14,2022-11-14,2022-11-28,VEDANTA LIMITED,OC,12583.0,691.0,5972302.0,Delhi,691.0,New Delhi,OC12583,2022.0,2022-11-16,BHARATIYA JANATA PARTY,*******8244,691.0,8212066.0,2022.0,Delhi,691.0,New Delhi,10000000.0
6.91202e+20,2022-11-14,2022-11-14,2022-11-28,VEDANTA LIMITED,OC,12585.0,691.0,5972302.0,Delhi,691.0,New Delhi,OC12585,2022.0,2022-11-16,BHARATIYA JANATA PARTY,*******8244,691.0,8212066.0,2022.0,Delhi,691.0,New Delhi,10000000.0
6.91202e+20,2022-11-14,2022-11-14,2022-11-28,VEDANTA LIMITED,OC,12587.0,691.0,5972302.0,Delhi,691.0,New Delhi,OC12587,2022.0,2022-11-16,BHARATIYA JANATA PARTY,*******8244,691.0,8212066.0,2022.0,Delhi,691.0,New Delhi,10000000.0
6.91202e+20,2022-11-14,2022-11-14,2022-11-28,VEDANTA LIMITED,OC,12589.0,691.0,5972302.0,Delhi,691.0,New Delhi,OC12589,2022.0,2022-11-16,BHARATIYA JANATA PARTY,*******8244,691.0,8212066.0,2022.0,Delhi,691.0,New Delhi,10000000.0
6.91202e+20,2022-11-14,2022-11-14,2022-11-28,VEDANTA LIMITED,OC,12591.0,691.0,5972302.0,Delhi,691.0,New Delhi,OC12591,2022.0,2022-11-16,BHARATIYA JANATA PARTY,*******8244,691.0,8212066.0,2022.0,Delhi,691.0,New Delhi,10000000.0
6.91202e+20,2022-11-14,2022-11-14,2022-11-28,VEDANTA LIMITED,OC,12593.0,691.0,5972302.0,Delhi,691.0,New Delhi,OC12593,2022.0,2022-11-16,BHARATIYA JANATA PARTY,*******8244,691.0,8212066.0,2022.0,Delhi,691.0,New Delhi,10000000.0
6.91202e+20,2022-11-14,2022-11-14,2022-11-28,VEDANTA LIMITED,OC,12595.0,691.0,5972302.0,Delhi,691.0,New Delhi,OC12595,2022.0,2022-11-16,BHARATIYA JANATA PARTY,*******8244,691.0,8212066.0,2022.0,Delhi,691.0,New Delhi,10000000.0
6.91202e+20,2022-11-14,2022-11-14,2022-11-28,VEDANTA LIMITED,OC,12597.0,691.0,5972302.0,Delhi,691.0,New Delhi,OC12597,2022.0,2022-11-16,BHARATIYA JANATA PARTY,*******8244,691.0,8212066.0,2022.0,Delhi,691.0,New Delhi,10000000.0
6.91202e+20,2022-11-14,2022-11-14,2022-11-28,VEDANTA LIMITED,OC,12599.0,691.0,5972302.0,Delhi,691.0,New Delhi,OC12599,2022.0,2022-11-16,BHARATIYA JANATA PARTY,*******8244,691.0,8212066.0,2022.0,Delhi,691.0,New Delhi,10000000.0
6.91202e+20,2022-11-14,2022-11-14,2022-11-28,VEDANTA LIMITED,OC,12601.0,691.0,5972302.0,Delhi,691.0,New Delhi,OC12601,2022.0,2022-11-16,BHARATIYA JANATA PARTY,*******8244,691.0,8212066.0,2022.0,Delhi,691.0,New Delhi,10000000.0
6.91202e+20,2022-11-14,2022-11-14,2022-11-28,VEDANTA LIMITED,OC,12603.0,691.0,5972302.0,Delhi,691.0,New Delhi,OC12603,2022.0,2022-11-16,BHARATIYA JANATA PARTY,*******8244,691.0,8212066.0,2022.0,Delhi,691.0,New Delhi,10000000.0
6.91202e+20,2022-11-14,2022-11-14,2022-11-28,VEDANTA LIMITED,OC,12605.0,691.0,5972302.0,Delhi,691.0,New Delhi,OC12605,2022.0,2022-11-16,BHARATIYA JANATA PARTY,*******8244,691.0,8212066.0,2022.0,Delhi,691.0,New Delhi,10000000.0
6.91202e+20,2022-11-14,2022-11-14,2022-11-28,VEDANTA LIMITED,OC,12607.0,691.0,5972302.0,Delhi,691.0,New Delhi,OC12607,2022.0,2022-11-16,BHARATIYA JANATA PARTY,*******8244,691.0,8212066.0,2022.0,Delhi,691.0,New Delhi,10000000.0
6.91202e+20,2022-11-14,2022-11-14,2022-11-28,VEDANTA LIMITED,OC,12609.0,691.0,5972302.0,Delhi,691.0,New Delhi,OC12609,2022.0,2022-11-16,BHARATIYA JANATA PARTY,*******8244,691.0,8212066.0,2022.0,Delhi,691.0,New Delhi,10000000.0
6.91202e+20,2022-11-14,2022-11-14,2022-11-28,VEDANTA LIMITED,OC,12611.0,691.0,5972302.0,Delhi,691.0,New Delhi,OC12611,2022.0,2022-11-16,BHARATIYA JANATA PARTY,*******8244,691.0,8212066.0,2022.0,Delhi,691.0,New Delhi,10000000.0
6.91202e+20,2022-11-14,2022-11-14,2022-11-28,VEDANTA LIMITED,OC,12613.0,691.0,5972302.0,Delhi,691.0,New Delhi,OC12613,2022.0,2022-11-16,BHARATIYA JANATA PARTY,*******8244,691.0,8212066.0,2022.0,Delhi,691.0,New Delhi,10000000.0
6.91202e+20,2022-11-14,2022-11-14,2022-11-28,VEDANTA LIMITED,OC,12615.0,691.0,5972302.0,Delhi,691.0,New Delhi,OC12615,2022.0,2022-11-16,BHARATIYA JANATA PARTY,*******8244,691.0,8212066.0,2022.0,Delhi,691.0,New Delhi,10000000.0
6.91202e+20,2022-11-14,2022-11-14,2022-11-28,VEDANTA LIMITED,OC,12617.0,691.0,5972302.0,Delhi,691.0,New Delhi,OC12617,2022.0,2022-11-16,BHARATIYA JANATA PARTY,*******8244,691.0,8212066.0,2022.0,Delhi,691.0,New Delhi,10000000.0
6.91202e+20,2022-11-14,2022-11-14,2022-11-28,VEDANTA LIMITED,OC,12619.0,691.0,5972302.0,Delhi,691.0,New Delhi,OC12619,2022.0,2022-11-16,BHARATIYA JANATA PARTY,*******8244,691.0,8212066.0,2022.0,Delhi,691.0,New Delhi,10000000.0
6.91202e+20,2022-11-14,2022-11-14,2022-11-28,VEDANTA LIMITED,OC,12621.0,691.0,5972302.0,Delhi,691.0,New Delhi,OC12621,2022.0,2022-11-16,BHARATIYA JANATA PARTY,*******8244,691.0,8212066.0,2022.0,Delhi,691.0,New Delhi,10000000.0
6.91202e+20,2022-11-14,2022-11-14,2022-11-28,VEDANTA LIMITED,OC,12623.0,691.0,5972302.0,Delhi,691.0,New Delhi,OC12623,2022.0,2022-11-16,BHARATIYA JANATA PARTY,*******8244,691.0,8212066.0,2022.0,Delhi,691.0,New Delhi,10000000.0
6.91202e+20,2022-11-14,2022-11-14,2022-11-28,VEDANTA LIMITED,OC,12625.0,691.0,5972302.0,Delhi,691.0,New Delhi,OC12625,2022.0,2022-11-16,BHARATIYA JANATA PARTY,*******8244,691.0,8212066.0,2022.0,Delhi,691.0,New Delhi,10000000.0
6.91202e+20,2022-11-14,2022-11-14,2022-11-28,VEDANTA LIMITED,OC,12627.0,691.0,5972302.0,Delhi,691.0,New Delhi,OC12627,2022.0,2022-11-16,BHARATIYA JANATA PARTY,*******8244,691.0,8212066.0,2022.0,Delhi,691.0,New Delhi,10000000.0
6.91202e+20,2022-11-14,2022-11-14,2022-11-28,VEDANTA LIMITED,OC,12629.0,691.0,5972302.0,Delhi,691.0,New Delhi,OC12629,2022.0,2022-11-16,BHARATIYA JANATA PARTY,*******8244,691.0,8212066.0,2022.0,Delhi,691.0,New Delhi,10000000.0
6.91202e+20,2022-11-14,2022-11-14,2022-11-28,VEDANTA LIMITED,OC,12631.0,691.0,5972302.0,Delhi,691.0,New Delhi,OC12631,2022.0,2022-11-16,BHARATIYA JANATA PARTY,*******8244,691.0,8212066.0,2022.0,Delhi,691.0,New Delhi,10000000.0
6.91202e+20,2022-11-14,2022-11-14,2022-11-28,VEDANTA LIMITED,OC,12633.0,691.0,5972302.0,Delhi,691.0,New Delhi,OC12633,2022.0,2022-11-16,BHARATIYA JANATA PARTY,*******8244,691.0,8212066.0,2022.0,Delhi,691.0,New Delhi,10000000.0
6.91202e+20,2022-11-14,2022-11-14,2022-11-28,VEDANTA LIMITED,OC,12635.0,691.0,5972302.0,Delhi,691.0,New Delhi,OC12635,2022.0,2022-11-16,BHARATIYA JANATA PARTY,*******8244,691.0,8212066.0,2022.0,Delhi,691.0,New Delhi,10000000.0
6.91202e+20,2022-11-14,2022-11-14,2022-11-28,VEDANTA LIMITED,OC,12637.0,691.0,5972302.0,Delhi,691.0,New Delhi,OC12637,2022.0,2022-11-16,BHARATIYA JANATA PARTY,*******8244,691.0,8212066.0,2022.0,Delhi,691.0,New Delhi,10000000.0
6.91202e+20,2022-11-14,2022-11-14,2022-11-28,VEDANTA LIMITED,OC,12639.0,691.0,5972302.0,Delhi,691.0,New Delhi,OC12639,2022.0,2022-11-16,BHARATIYA JANATA PARTY,*******8244,691.0,8212066.0,2022.0,Delhi,691.0,New Delhi,10000000.0
6.91202e+20,2022-11-14,2022-11-14,2022-11-28,VEDANTA LIMITED,OC,12641.0,691.0,5972302.0,Delhi,691.0,New Delhi,OC12641,2022.0,2022-11-16,BHARATIYA JANATA PARTY,*******8244,691.0,8212066.0,2022.0,Delhi,691.0,New Delhi,10000000.0
6.91202e+20,2022-11-14,2022-11-14,2022-11-28,VEDANTA LIMITED,OC,12643.0,691.0,5972302.0,Delhi,691.0,New Delhi,OC12643,2022.0,2022-11-16,BHARATIYA JANATA PARTY,*******8244,691.0,8212066.0,2022.0,Delhi,691.0,New Delhi,10000000.0
6.91202e+20,2022-11-14,2022-11-14,2022-11-28,VEDANTA LIMITED,OC,12645.0,691.0,5972302.0,Delhi,691.0,New Delhi,OC12645,2022.0,2022-11-16,BHARATIYA JANATA PARTY,*******8244,691.0,8212066.0,2022.0,Delhi,691.0,New Delhi,10000000.0
6.91202e+20,2022-11-14,2022-11-14,2022-11-28,VEDANTA LIMITED,OC,12647.0,691.0,5972302.0,Delhi,691.0,New Delhi,OC12647,2022.0,2022-11-16,BHARATIYA JANATA PARTY,*******8244,691.0,8212066.0,2022.0,Delhi,691.0,New Delhi,10000000.0
6.91202e+20,2022-11-14,2022-11-14,2022-11-28,VEDANTA LIMITED,OC,12649.0,691.0,5972302.0,Delhi,691.0,New Delhi,OC12649,2022.0,2022-11-16,BHARATIYA JANATA PARTY,*******8244,691.0,8212066.0,2022.0,Delhi,691.0,New Delhi,10000000.0
6.91202e+20,2022-11-14,2022-11-14,2022-11-28,VEDANTA LIMITED,OC,12651.0,691.0,5972302.0,Delhi,691.0,New Delhi,OC12651,2022.0,2022-11-16,BHARATIYA JANATA PARTY,*******8244,691.0,8212066.0,2022.0,Delhi,691.0,New Delhi,10000000.0
6.91202e+20,2022-11-14,2022-11-14,2022-11-28,VEDANTA LIMITED,OC,12653.0,691.0,5972302.0,Delhi,691.0,New Delhi,OC12653,2022.0,2022-11-16,BHARATIYA JANATA PARTY,*******8244,691.0,8212066.0,2022.0,Delhi,691.0,New Delhi,10000000.0
6.91202e+20,2022-11-14,2022-11-14,2022-11-28,VEDANTA LIMITED,OC,12655.0,691.0,5972302.0,Delhi,691.0,New Delhi,OC12655,2022.0,2022-11-16,BHARATIYA JANATA PARTY,*******8244,691.0,8212066.0,2022.0,Delhi,691.0,New Delhi,10000000.0
6.91202e+20,2022-11-14,2022-11-14,2022-11-28,VEDANTA LIMITED,OC,12657.0,691.0,5972302.0,Delhi,691.0,New Delhi,OC12657,2022.0,2022-11-16,BHARATIYA JANATA PARTY,*******8244,691.0,8212066.0,2022.0,Delhi,691.0,New Delhi,10000000.0
6.91202e+20,2022-11-14,2022-11-14,2022-11-28,VEDANTA LIMITED,OC,12659.0,691.0,5972302.0,Delhi,691.0,New Delhi,OC12659,2022.0,2022-11-16,BHARATIYA JANATA PARTY,*******8244,691.0,8212066.0,2022.0,Delhi,691.0,New Delhi,10000000.0
6.91202e+20,2022-11-14,2022-11-14,2022-11-28,VEDANTA LIMITED,OC,12661.0,691.0,5972302.0,Delhi,691.0,New Delhi,OC12661,2022.0,2022-11-16,BHARATIYA JANATA PARTY,*******8244,691.0,8212066.0,2022.0,Delhi,691.0,New Delhi,10000000.0
6.91202e+20,2022-11-14,2022-11-14,2022-11-28,VEDANTA LIMITED,OC,12663.0,691.0,5972302.0,Delhi,691.0,New Delhi,OC12663,2022.0,2022-11-16,BHARATIYA JANATA PARTY,*******8244,691.0,8212066.0,2022.0,Delhi,691.0,New Delhi,10000000.0
6.91202e+20,2022-11-14,2022-11-14,2022-11-28,VEDANTA LIMITED,OC,12665.0,691.0,5972302.0,Delhi,691.0,New Delhi,OC12665,2022.0,2022-11-16,BHARATIYA JANATA PARTY,*******8244,691.0,8212066.0,2022.0,Delhi,691.0,New Delhi,10000000.0
6.91202e+20,2022-11-14,2022-11-14,2022-11-28,VEDANTA LIMITED,OC,12667.0,691.0,5972302.0,Delhi,691.0,New Delhi,OC12667,2022.0,2022-11-16,BHARATIYA JANATA PARTY,*******8244,691.0,8212066.0,2022.0,Delhi,691.0,New Delhi,10000000.0
6.91202e+20,2022-11-14,2022-11-14,2022-11-28,VEDANTA LIMITED,OC,12669.0,691.0,5972302.0,Delhi,691.0,New Delhi,OC12669,2022.0,2022-11-16,BHARATIYA JANATA PARTY,*******8244,691.0,8212066.0,2022.0,Delhi,691.0,New Delhi,10000000.0
6.91202e+20,2022-11-14,2022-11-14,2022-11-28,VEDANTA LIMITED,OC,12671.0,691.0,5972302.0,Delhi,691.0,New Delhi,OC12671,2022.0,2022-11-16,BHARATIYA JANATA PARTY,*******8244,691.0,8212066.0,2022.0,Delhi,691.0,New Delhi,10000000.0
6.91202e+20,2022-11-14,2022-11-14,2022-11-28,VEDANTA LIMITED,OC,12673.0,691.0,5972302.0,Delhi,691.0,New Delhi,OC12673,2022.0,2022-11-16,BHARATIYA JANATA PARTY,*******8244,691.0,8212066.0,2022.0,Delhi,691.0,New Delhi,10000000.0
6.91202e+20,2022-11-14,2022-11-14,2022-11-28,VEDANTA LIMITED,OC,12675.0,691.0,5972302.0,Delhi,691.0,New Delhi,OC12675,2022.0,2022-11-16,BHARATIYA JANATA PARTY,*******8244,691.0,8212066.0,2022.0,Delhi,691.0,New Delhi,10000000.0
6.91202e+20,2022-11-14,2022-11-14,2022-11-28,VEDANTA LIMITED,OC,12677.0,691.0,5972302.0,Delhi,691.0,New Delhi,OC12677,2022.0,2022-11-16,BHARATIYA JANATA PARTY,*******8244,691.0,8212066.0,2022.0,Delhi,691.0,New Delhi,10000000.0
6.91202e+20,2022-11-14,2022-11-14,2022-11-28,VEDANTA LIMITED,OC,12679.0,691.0,5972302.0,Delhi,691.0,New Delhi,OC12679,2022.0,2022-11-16,BHARATIYA JANATA PARTY,*******8244,691.0,8212066.0,2022.0,Delhi,691.0,New Delhi,10000000.0
6.91202e+20,2022-11-14,2022-11-14,2022-11-28,VEDANTA LIMITED,OC,12681.0,691.0,5972302.0,Delhi,691.0,New Delhi,OC12681,2022.0,2022-11-16,BHARATIYA JANATA PARTY,*******8244,691.0,8212066.0,2022.0,Delhi,691.0,New Delhi,10000000.0
6.91202e+20,2022-11-14,2022-11-14,2022-11-28,VEDANTA LIMITED,OC,12683.0,691.0,5972302.0,Delhi,691.0,New Delhi,OC12683,2022.0,2022-11-16,BHARATIYA JANATA PARTY,*******8244,691.0,8212066.0,2022.0,Delhi,691.0,New Delhi,10000000.0
6.91202e+20,2022-11-14,2022-11-14,2022-11-28,VEDANTA LIMITED,OC,12685.0,691.0,5972302.0,Delhi,691.0,New Delhi,OC12685,2022.0,2022-11-16,BHARATIYA JANATA PARTY,*******8244,691.0,8212066.0,2022.0,Delhi,691.0,New Delhi,10000000.0
6.91202e+20,2022-11-14,2022-11-14,2022-11-28,VEDANTA LIMITED,OC,12687.0,691.0,5972302.0,Delhi,691.0,New Delhi,OC12687,2022.0,2022-11-16,"PRESIDENT, ALL INDIA CONGRESS COMMITTEE",*******4012,691.0,5972302.0,2022.0,Delhi,691.0,New Delhi,10000000.0
6.91202e+20,2022-11-14,2022-11-14,2022-11-28,VEDANTA LIMITED,OC,12689.0,691.0,5972302.0,Delhi,691.0,New Delhi,OC12689,2022.0,2022-11-16,"PRESIDENT, ALL INDIA CONGRESS COMMITTEE",*******4012,691.0,5972302.0,2022.0,Delhi,691.0,New Delhi,10000000.0
6.91202e+20,2022-11-14,2022-11-14,2022-11-28,VEDANTA LIMITED,OC,12691.0,691.0,5972302.0,Delhi,691.0,New Delhi,OC12691,2022.0,2022-11-16,"PRESIDENT, ALL INDIA CONGRESS COMMITTEE",*******4012,691.0,5972302.0,2022.0,Delhi,691.0,New Delhi,10000000.0
6.91202e+20,2022-11-14,2022-11-14,2022-11-28,VEDANTA LIMITED,OC,12693.0,691.0,5972302.0,Delhi,691.0,New Delhi,OC12693,2022.0,2022-11-16,"PRESIDENT, ALL INDIA CONGRESS COMMITTEE",*******4012,691.0,5972302.0,2022.0,Delhi,691.0,New Delhi,10000000.0
6.91202e+20,2022-11-14,2022-11-14,2022-11-28,VEDANTA LIMITED,OC,12695.0,691.0,5972302.0,Delhi,691.0,New Delhi,OC12695,2022.0,2022-11-16,"PRESIDENT, ALL INDIA CONGRESS COMMITTEE",*******4012,691.0,5972302.0,2022.0,Delhi,691.0,New Delhi,10000000.0
6.91202e+20,2022-11-14,2022-11-14,2022-11-28,VEDANTA LIMITED,OC,12697.0,691.0,5972302.0,Delhi,691.0,New Delhi,OC12697,2022.0,2022-11-16,"PRESIDENT, ALL INDIA CONGRESS COMMITTEE",*******4012,691.0,5972302.0,2022.0,Delhi,691.0,New Delhi,10000000.0
6.91202e+20,2022-11-14,2022-11-14,2022-11-28,VEDANTA LIMITED,OC,12699.0,691.0,5972302.0,Delhi,691.0,New Delhi,OC12699,2022.0,2022-11-16,"PRESIDENT, ALL INDIA CONGRESS COMMITTEE",*******4012,691.0,5972302.0,2022.0,Delhi,691.0,New Delhi,10000000.0
6.91202e+20,2023-07-11,2023-07-11,2023-07-25,VEDANTA LIMITED,OC,13901.0,691.0,8212066.0,Delhi,691.0,New Delhi,OC13901,2023.0,2023-07-14,"PRESIDENT, ALL INDIA CONGRESS COMMITTEE",*******4012,691.0,8212066.0,2023.0,Delhi,691.0,New Delhi,10000000.0
6.91202e+20,2023-07-11,2023-07-11,2023-07-25,VEDANTA LIMITED,OC,13903.0,691.0,8212066.0,Delhi,691.0,New Delhi,OC13903,2023.0,2023-07-14,"PRESIDENT, ALL INDIA CONGRESS COMMITTEE",*******4012,691.0,8212066.0,2023.0,Delhi,691.0,New Delhi,10000000.0
6.91202e+20,2023-07-11,2023-07-11,2023-07-25,VEDANTA LIMITED,OC,13905.0,691.0,8212066.0,Delhi,691.0,New Delhi,OC13905,2023.0,2023-07-14,"PRESIDENT, ALL INDIA CONGRESS COMMITTEE",*******4012,691.0,8212066.0,2023.0,Delhi,691.0,New Delhi,10000000.0
6.91202e+20,2023-07-11,2023-07-11,2023-07-25,VEDANTA LIMITED,OC,13907.0,691.0,8212066.0,Delhi,691.0,New Delhi,OC13907,2023.0,2023-07-14,"PRESIDENT, ALL INDIA CONGRESS COMMITTEE",*******4012,691.0,8212066.0,2023.0,Delhi,691.0,New Delhi,10000000.0
6.91202e+20,2023-07-11,2023-07-11,2023-07-25,VEDANTA LIMITED,OC,13909.0,691.0,8212066.0,Delhi,691.0,New Delhi,OC13909,2023.0,2023-07-14,"PRESIDENT, ALL INDIA CONGRESS COMMITTEE",*******4012,691.0,8212066.0,2023.0,Delhi,691.0,New Delhi,10000000.0
6.91202e+20,2023-07-11,2023-07-11,2023-07-25,VEDANTA LIMITED,OC,13911.0,691.0,8212066.0,Delhi,691.0,New Delhi,OC13911,2023.0,2023-07-14,"PRESIDENT, ALL INDIA CONGRESS COMMITTEE",*******4012,691.0,8212066.0,2023.0,Delhi,691.0,New Delhi,10000000.0
6.91202e+20,2023-07-11,2023-07-11,2023-07-25,VEDANTA LIMITED,OC,13913.0,691.0,8212066.0,Delhi,691.0,New Delhi,OC13913,2023.0,2023-07-14,"PRESIDENT, ALL INDIA CONGRESS COMMITTEE",*******4012,691.0,8212066.0,2023.0,Delhi,691.0,New Delhi,10000000.0
6.91202e+20,2023-07-11,2023-07-11,2023-07-25,VEDANTA LIMITED,OC,13915.0,691.0,8212066.0,Delhi,691.0,New Delhi,OC13915,2023.0,2023-07-14,"PRESIDENT, ALL INDIA CONGRESS COMMITTEE",*******4012,691.0,8212066.0,2023.0,Delhi,691.0,New Delhi,10000000.0
6.91202e+20,2023-07-11,2023-07-11,2023-07-25,VEDANTA LIMITED,OC,13917.0,691.0,8212066.0,Delhi,691.0,New Delhi,OC13917,2023.0,2023-07-14,"PRESIDENT, ALL INDIA CONGRESS COMMITTEE",*******4012,691.0,8212066.0,2023.0,Delhi,691.0,New Delhi,10000000.0
6.91202e+20,2023-07-11,2023-07-11,2023-07-25,VEDANTA LIMITED,OC,13919.0,691.0,8212066.0,Delhi,691.0,New Delhi,OC13919,2023.0,2023-07-14,"PRESIDENT, ALL INDIA CONGRESS COMMITTEE",*******4012,691.0,8212066.0,2023.0,Delhi,691.0,New Delhi,10000000.0
6.91202e+20,2023-07-11,2023-07-11,2023-07-25,VEDANTA LIMITED,OC,13921.0,691.0,8212066.0,Delhi,691.0,New Delhi,OC13921,2023.0,2023-07-13,"PRESIDENT, ALL INDIA CONGRESS COMMITTEE",*******4012,691.0,8212066.0,2023.0,Delhi,691.0,New Delhi,10000000.0
6.91202e+20,2023-07-11,2023-07-11,2023-07-25,VEDANTA LIMITED,OC,13923.0,691.0,8212066.0,Delhi,691.0,New Delhi,OC13923,2023.0,2023-07-13,"PRESIDENT, ALL INDIA CONGRESS COMMITTEE",*******4012,691.0,8212066.0,2023.0,Delhi,691.0,New Delhi,10000000.0
6.91202e+20,2023-07-11,2023-07-11,2023-07-25,VEDANTA LIMITED,OC,13925.0,691.0,8212066.0,Delhi,691.0,New Delhi,OC13925,2023.0,2023-07-13,"PRESIDENT, ALL INDIA CONGRESS COMMITTEE",*******4012,691.0,8212066.0,2023.0,Delhi,691.0,New Delhi,10000000.0
6.91202e+20,2023-07-11,2023-07-11,2023-07-25,VEDANTA LIMITED,OC,13927.0,691.0,8212066.0,Delhi,691.0,New Delhi,OC13927,2023.0,2023-07-13,"PRESIDENT, ALL INDIA CONGRESS COMMITTEE",*******4012,691.0,8212066.0,2023.0,Delhi,691.0,New Delhi,10000000.0
6.91202e+20,2023-07-11,2023-07-11,2023-07-25,VEDANTA LIMITED,OC,13929.0,691.0,8212066.0,Delhi,691.0,New Delhi,OC13929,2023.0,2023-07-13,"PRESIDENT, ALL INDIA CONGRESS COMMITTEE",*******4012,691.0,8212066.0,2023.0,Delhi,691.0,New Delhi,10000000.0
6.91202e+20,2023-07-11,2023-07-11,2023-07-25,VEDANTA LIMITED,OC,13931.0,691.0,8212066.0,Delhi,691.0,New Delhi,OC13931,2023.0,2023-07-13,"PRESIDENT, ALL INDIA CONGRESS COMMITTEE",*******4012,691.0,8212066.0,2023.0,Delhi,691.0,New Delhi,10000000.0
6.91202e+20,2023-07-11,2023-07-11,2023-07-25,VEDANTA LIMITED,OC,13933.0,691.0,8212066.0,Delhi,691.0,New Delhi,OC13933,2023.0,2023-07-13,"PRESIDENT, ALL INDIA CONGRESS COMMITTEE",*******4012,691.0,8212066.0,2023.0,Delhi,691.0,New Delhi,10000000.0
6.91202e+20,2023-07-11,2023-07-11,2023-07-25,VEDANTA LIMITED,OC,13935.0,691.0,8212066.0,Delhi,691.0,New Delhi,OC13935,2023.0,2023-07-13,"PRESIDENT, ALL INDIA CONGRESS COMMITTEE",*******4012,691.0,8212066.0,2023.0,Delhi,691.0,New Delhi,10000000.0
6.91202e+20,2023-07-11,2023-07-11,2023-07-25,VEDANTA LIMITED,OC,13937.0,691.0,8212066.0,Delhi,691.0,New Delhi,OC13937,2023.0,2023-07-13,"PRESIDENT, ALL INDIA CONGRESS COMMITTEE",*******4012,691.0,8212066.0,2023.0,Delhi,691.0,New Delhi,10000000.0
6.91202e+20,2023-07-11,2023-07-11,2023-07-25,VEDANTA LIMITED,OC,13939.0,691.0,8212066.0,Delhi,691.0,New Delhi,OC13939,2023.0,2023-07-13,"PRESIDENT, ALL INDIA CONGRESS COMMITTEE",*******4012,691.0,8212066.0,2023.0,Delhi,691.0,New Delhi,10000000.0
6.91202e+20,2023-07-11,2023-07-11,2023-07-25,VEDANTA LIMITED,OC,13941.0,691.0,8212066.0,Delhi,691.0,New Delhi,OC13941,2023.0,2023-07-24,JHARKHAND MUKTI MORCHA,*******5076,167.0,4360621.0,2023.0,Jharkhand,167.0,Ranchi,10000000.0
6.91202e+20,2023-07-11,2023-07-11,2023-07-25,VEDANTA LIMITED,OC,13943.0,691.0,8212066.0,Delhi,691.0,New Delhi,OC13943,2023.0,2023-07-24,JHARKHAND MUKTI MORCHA,*******5076,167.0,4360621.0,2023.0,Jharkhand,167.0,Ranchi,10000000.0
6.91202e+20,2023-07-11,2023-07-11,2023-07-25,VEDANTA LIMITED,OC,13945.0,691.0,8212066.0,Delhi,691.0,New Delhi,OC13945,2023.0,2023-07-24,JHARKHAND MUKTI MORCHA,*******5076,167.0,4360621.0,2023.0,Jharkhand,167.0,Ranchi,10000000.0
6.91202e+20,2023-07-11,2023-07-11,2023-07-25,VEDANTA LIMITED,OC,13947.0,691.0,8212066.0,Delhi,691.0,New Delhi,OC13947,2023.0,2023-07-24,JHARKHAND MUKTI MORCHA,*******5076,167.0,4360621.0,2023.0,Jharkhand,167.0,Ranchi,10000000.0
6.91202e+20,2023-07-11,2023-07-11,2023-07-25,VEDANTA LIMITED,OC,13949.0,691.0,8212066.0,Delhi,691.0,New Delhi,OC13949,2023.0,2023-07-24,JHARKHAND MUKTI MORCHA,*******5076,167.0,4360621.0,2023.0,Jharkhand,167.0,Ranchi,10000000.0
6.91202e+20,2023-07-12,2023-07-12,2023-07-26,VEDANTA LIMITED,OC,13951.0,691.0,8212066.0,Delhi,691.0,New Delhi,OC13951,2023.0,2023-07-13,BIJU JANATA DAL,*******4340,41.0,5579244.0,2023.0,Odisha,41.0,Bhubaneswar,10000000.0
6.91202e+20,2023-07-12,2023-07-12,2023-07-26,VEDANTA LIMITED,OC,13953.0,691.0,8212066.0,Delhi,691.0,New Delhi,OC13953,2023.0,2023-07-13,BIJU JANATA DAL,*******4340,41.0,5579244.0,2023.0,Odisha,41.0,Bhubaneswar,10000000.0
6.91202e+20,2023-07-12,2023-07-12,2023-07-26,VEDANTA LIMITED,OC,13955.0,691.0,8212066.0,Delhi,691.0,New Delhi,OC13955,2023.0,2023-07-13,BIJU JANATA DAL,*******4340,41.0,5579244.0,2023.0,Odisha,41.0,Bhubaneswar,10000000.0
6.91202e+20,2023-07-12,2023-07-12,2023-07-26,VEDANTA LIMITED,OC,13957.0,691.0,8212066.0,Delhi,691.0,New Delhi,OC13957,2023.0,2023-07-13,BIJU JANATA DAL,*******4340,41.0,5579244.0,2023.0,Odisha,41.0,Bhubaneswar,10000000.0
6.91202e+20,2023-07-12,2023-07-12,2023-07-26,VEDANTA LIMITED,OC,13959.0,691.0,8212066.0,Delhi,691.0,New Delhi,OC13959,2023.0,2023-07-13,BIJU JANATA DAL,*******4340,41.0,5579244.0,2023.0,Odisha,41.0,Bhubaneswar,10000000.0
6.91202e+20,2023-07-12,2023-07-12,2023-07-26,VEDANTA LIMITED,OC,13961.0,691.0,8212066.0,Delhi,691.0,New Delhi,OC13961,2023.0,2023-07-13,BIJU JANATA DAL,*******4340,41.0,5579244.0,2023.0,Odisha,41.0,Bhubaneswar,10000000.0
6.91202e+20,2023-07-12,2023-07-12,2023-07-26,VEDANTA LIMITED,OC,13963.0,691.0,8212066.0,Delhi,691.0,New Delhi,OC13963,2023.0,2023-07-13,BIJU JANATA DAL,*******4340,41.0,5579244.0,2023.0,Odisha,41.0,Bhubaneswar,10000000.0
6.91202e+20,2023-07-12,2023-07-12,2023-07-26,VEDANTA LIMITED,OC,13965.0,691.0,8212066.0,Delhi,691.0,New Delhi,OC13965,2023.0,2023-07-13,BIJU JANATA DAL,*******4340,41.0,5579244.0,2023.0,Odisha,41.0,Bhubaneswar,10000000.0
6.91202e+20,2023-07-12,2023-07-12,2023-07-26,VEDANTA LIMITED,OC,13967.0,691.0,8212066.0,Delhi,691.0,New Delhi,OC13967,2023.0,2023-07-13,BIJU JANATA DAL,*******4340,41.0,5579244.0,2023.0,Odisha,41.0,Bhubaneswar,10000000.0
6.91202e+20,2023-07-12,2023-07-12,2023-07-26,VEDANTA LIMITED,OC,13969.0,691.0,8212066.0,Delhi,691.0,New Delhi,OC13969,2023.0,2023-07-13,BIJU JANATA DAL,*******4340,41.0,5579244.0,2023.0,Odisha,41.0,Bhubaneswar,10000000.0
6.91202e+20,2023-07-12,2023-07-12,2023-07-26,VEDANTA LIMITED,OC,13971.0,691.0,8212066.0,Delhi,691.0,New Delhi,OC13971,2023.0,2023-07-13,BIJU JANATA DAL,*******4340,41.0,5579244.0,2023.0,Odisha,41.0,Bhubaneswar,10000000.0
6.91202e+20,2023-07-12,2023-07-12,2023-07-26,VEDANTA LIMITED,OC,13973.0,691.0,8212066.0,Delhi,691.0,New Delhi,OC13973,2023.0,2023-07-13,BIJU JANATA DAL,*******4340,41.0,5579244.0,2023.0,Odisha,41.0,Bhubaneswar,10000000.0
6.91202e+20,2023-07-12,2023-07-12,2023-07-26,VEDANTA LIMITED,OC,13975.0,691.0,8212066.0,Delhi,691.0,New Delhi,OC13975,2023.0,2023-07-13,BIJU JANATA DAL,*******4340,41.0,5579244.0,2023.0,Odisha,41.0,Bhubaneswar,10000000.0
6.91202e+20,2023-07-12,2023-07-12,2023-07-26,VEDANTA LIMITED,OC,13977.0,691.0,8212066.0,Delhi,691.0,New Delhi,OC13977,2023.0,2023-07-13,BIJU JANATA DAL,*******4340,41.0,5579244.0,2023.0,Odisha,41.0,Bhubaneswar,10000000.0
6.91202e+20,2023-07-12,2023-07-12,2023-07-26,VEDANTA LIMITED,OC,13979.0,691.0,8212066.0,Delhi,691.0,New Delhi,OC13979,2023.0,2023-07-13,BIJU JANATA DAL,*******4340,41.0,5579244.0,2023.0,Odisha,41.0,Bhubaneswar,10000000.0
6.91202e+20,2023-10-06,2023-10-06,2023-10-20,VEDANTA LIMITED,OC,14041.0,691.0,8212066.0,Delhi,691.0,New Delhi,OC14041,2023.0,2023-10-09,"PRESIDENT, ALL INDIA CONGRESS COMMITTEE",*******4012,691.0,7516991.0,2023.0,Delhi,691.0,New Delhi,10000000.0
6.91202e+20,2023-10-06,2023-10-06,2023-10-20,VEDANTA LIMITED,OC,14043.0,691.0,8212066.0,Delhi,691.0,New Delhi,OC14043,2023.0,2023-10-09,"PRESIDENT, ALL INDIA CONGRESS COMMITTEE",*******4012,691.0,7516991.0,2023.0,Delhi,691.0,New Delhi,10000000.0
6.91202e+20,2023-10-06,2023-10-06,2023-10-20,VEDANTA LIMITED,OC,14045.0,691.0,8212066.0,Delhi,691.0,New Delhi,OC14045,2023.0,2023-10-09,"PRESIDENT, ALL INDIA CONGRESS COMMITTEE",*******4012,691.0,7516991.0,2023.0,Delhi,691.0,New Delhi,10000000.0
6.91202e+20,2023-10-06,2023-10-06,2023-10-20,VEDANTA LIMITED,OC,14047.0,691.0,8212066.0,Delhi,691.0,New Delhi,OC14047,2023.0,2023-10-09,"PRESIDENT, ALL INDIA CONGRESS COMMITTEE",*******4012,691.0,7516991.0,2023.0,Delhi,691.0,New Delhi,10000000.0
6.91202e+20,2023-10-06,2023-10-06,2023-10-20,VEDANTA LIMITED,OC,14049.0,691.0,8212066.0,Delhi,691.0,New Delhi,OC14049,2023.0,2023-10-09,"PRESIDENT, ALL INDIA CONGRESS COMMITTEE",*******4012,691.0,7516991.0,2023.0,Delhi,691.0,New Delhi,10000000.0
6.91202e+20,2023-10-06,2023-10-06,2023-10-20,VEDANTA LIMITED,OC,14051.0,691.0,8212066.0,Delhi,691.0,New Delhi,OC14051,2023.0,2023-10-09,"PRESIDENT, ALL INDIA CONGRESS COMMITTEE",*******4012,691.0,7516991.0,2023.0,Delhi,691.0,New Delhi,10000000.0
6.91202e+20,2023-10-06,2023-10-06,2023-10-20,VEDANTA LIMITED,OC,14053.0,691.0,8212066.0,Delhi,691.0,New Delhi,OC14053,2023.0,2023-10-09,"PRESIDENT, ALL INDIA CONGRESS COMMITTEE",*******4012,691.0,7516991.0,2023.0,Delhi,691.0,New Delhi,10000000.0
6.91202e+20,2023-10-06,2023-10-06,2023-10-20,VEDANTA LIMITED,OC,14055.0,691.0,8212066.0,Delhi,691.0,New Delhi,OC14055,2023.0,2023-10-09,"PRESIDENT, ALL INDIA CONGRESS COMMITTEE",*******4012,691.0,7516991.0,2023.0,Delhi,691.0,New Delhi,10000000.0
6.91202e+20,2023-10-06,2023-10-06,2023-10-20,VEDANTA LIMITED,OC,14057.0,691.0,8212066.0,Delhi,691.0,New Delhi,OC14057,2023.0,2023-10-09,"PRESIDENT, ALL INDIA CONGRESS COMMITTEE",*******4012,691.0,7516991.0,2023.0,Delhi,691.0,New Delhi,10000000.0
6.91202e+20,2023-10-06,2023-10-06,2023-10-20,VEDANTA LIMITED,OC,14059.0,691.0,8212066.0,Delhi,691.0,New Delhi,OC14059,2023.0,2023-10-09,"PRESIDENT, ALL INDIA CONGRESS COMMITTEE",*******4012,691.0,7516991.0,2023.0,Delhi,691.0,New Delhi,10000000.0
6.91202e+20,2023-10-06,2023-10-06,2023-10-20,VEDANTA LIMITED,OC,14061.0,691.0,8212066.0,Delhi,691.0,New Delhi,OC14061,2023.0,2023-10-09,"PRESIDENT, ALL INDIA CONGRESS COMMITTEE",*******4012,691.0,7516991.0,2023.0,Delhi,691.0,New Delhi,10000000.0
6.91202e+20,2023-10-06,2023-10-06,2023-10-20,VEDANTA LIMITED,OC,14063.0,691.0,8212066.0,Delhi,691.0,New Delhi,OC14063,2023.0,2023-10-09,"PRESIDENT, ALL INDIA CONGRESS COMMITTEE",*******4012,691.0,7516991.0,2023.0,Delhi,691.0,New Delhi,10000000.0
6.91202e+20,2023-10-06,2023-10-06,2023-10-20,VEDANTA LIMITED,OC,14065.0,691.0,8212066.0,Delhi,691.0,New Delhi,OC14065,2023.0,2023-10-09,"PRESIDENT, ALL INDIA CONGRESS COMMITTEE",*******4012,691.0,7516991.0,2023.0,Delhi,691.0,New Delhi,10000000.0
6.91202e+20,2023-10-06,2023-10-06,2023-10-20,VEDANTA LIMITED,OC,14067.0,691.0,8212066.0,Delhi,691.0,New Delhi,OC14067,2023.0,2023-10-09,"PRESIDENT, ALL INDIA CONGRESS COMMITTEE",*******4012,691.0,7516991.0,2023.0,Delhi,691.0,New Delhi,10000000.0
6.91202e+20,2023-10-06,2023-10-06,2023-10-20,VEDANTA LIMITED,OC,14069.0,691.0,8212066.0,Delhi,691.0,New Delhi,OC14069,2023.0,2023-10-09,"PRESIDENT, ALL INDIA CONGRESS COMMITTEE",*******4012,691.0,7516991.0,2023.0,Delhi,691.0,New Delhi,10000000.0
6.91202e+20,2023-10-06,2023-10-06,2023-10-20,VEDANTA LIMITED,OC,14071.0,691.0,8212066.0,Delhi,691.0,New Delhi,OC14071,2023.0,2023-10-09,"PRESIDENT, ALL INDIA CONGRESS COMMITTEE",*******4012,691.0,7516991.0,2023.0,Delhi,691.0,New Delhi,10000000.0
6.91202e+20,2023-10-06,2023-10-06,2023-10-20,VEDANTA LIMITED,OC,14073.0,691.0,8212066.0,Delhi,691.0,New Delhi,OC14073,2023.0,2023-10-09,"PRESIDENT, ALL INDIA CONGRESS COMMITTEE",*******4012,691.0,7516991.0,2023.0,Delhi,691.0,New Delhi,10000000.0
6.91202e+20,2023-10-06,2023-10-06,2023-10-20,VEDANTA LIMITED,OC,14075.0,691.0,8212066.0,Delhi,691.0,New Delhi,OC14075,2023.0,2023-10-09,"PRESIDENT, ALL INDIA CONGRESS COMMITTEE",*******4012,691.0,7516991.0,2023.0,Delhi,691.0,New Delhi,10000000.0
6.91202e+20,2023-10-06,2023-10-06,2023-10-20,VEDANTA LIMITED,OC,14077.0,691.0,8212066.0,Delhi,691.0,New Delhi,OC14077,2023.0,2023-10-09,"PRESIDENT, ALL INDIA CONGRESS COMMITTEE",*******4012,691.0,7516991.0,2023.0,Delhi,691.0,New Delhi,10000000.0
6.91202e+20,2023-10-06,2023-10-06,2023-10-20,VEDANTA LIMITED,OC,14079.0,691.0,8212066.0,Delhi,691.0,New Delhi,OC14079,2023.0,2023-10-09,"PRESIDENT, ALL INDIA CONGRESS COMMITTEE",*******4012,691.0,7516991.0,2023.0,Delhi,691.0,New Delhi,10000000.0
6.91202e+20,2023-10-06,2023-10-06,2023-10-20,VEDANTA LIMITED,OC,14081.0,691.0,8212066.0,Delhi,691.0,New Delhi,OC14081,2023.0,2023-10-09,"PRESIDENT, ALL INDIA CONGRESS COMMITTEE",*******4012,691.0,7516991.0,2023.0,Delhi,691.0,New Delhi,10000000.0
6.91202e+20,2023-10-06,2023-10-06,2023-10-20,VEDANTA LIMITED,OC,14083.0,691.0,8212066.0,Delhi,691.0,New Delhi,OC14083,2023.0,2023-10-09,"PRESIDENT, ALL INDIA CONGRESS COMMITTEE",*******4012,691.0,7516991.0,2023.0,Delhi,691.0,New Delhi,10000000.0
6.91202e+20,2023-10-06,2023-10-06,2023-10-20,VEDANTA LIMITED,OC,14085.0,691.0,8212066.0,Delhi,691.0,New Delhi,OC14085,2023.0,2023-10-09,"PRESIDENT, ALL INDIA CONGRESS COMMITTEE",*******4012,691.0,7516991.0,2023.0,Delhi,691.0,New Delhi,10000000.0
6.91202e+20,2023-10-06,2023-10-06,2023-10-20,VEDANTA LIMITED,OC,14087.0,691.0,8212066.0,Delhi,691.0,New Delhi,OC14087,2023.0,2023-10-09,"PRESIDENT, ALL INDIA CONGRESS COMMITTEE",*******4012,691.0,7516991.0,2023.0,Delhi,691.0,New Delhi,10000000.0
6.91202e+20,2023-10-06,2023-10-06,2023-10-20,VEDANTA LIMITED,OC,14089.0,691.0,8212066.0,Delhi,691.0,New Delhi,OC14089,2023.0,2023-10-09,"PRESIDENT, ALL INDIA CONGRESS COMMITTEE",*******4012,691.0,7516991.0,2023.0,Delhi,691.0,New Delhi,10000000.0
6.91202e+20,2023-11-09,2023-11-09,2023-11-23,VEDANTA LIMITED,OC,14100.0,691.0,8212066.0,Delhi,691.0,New Delhi,OC14100,2023.0,2023-11-10,"PRESIDENT, ALL INDIA CONGRESS COMMITTEE",*******4012,691.0,8212066.0,2023.0,Delhi,691.0,New Delhi,10000000.0
6.91202e+20,2023-11-09,2023-11-09,2023-11-23,VEDANTA LIMITED,OC,14102.0,691.0,8212066.0,Delhi,691.0,New Delhi,OC14102,2023.0,2023-11-10,"PRESIDENT, ALL INDIA CONGRESS COMMITTEE",*******4012,691.0,8212066.0,2023.0,Delhi,691.0,New Delhi,10000000.0
6.91202e+20,2023-11-09,2023-11-09,2023-11-23,VEDANTA LIMITED,OC,14104.0,691.0,8212066.0,Delhi,691.0,New Delhi,OC14104,2023.0,2023-11-10,"PRESIDENT, ALL INDIA CONGRESS COMMITTEE",*******4012,691.0,8212066.0,2023.0,Delhi,691.0,New Delhi,10000000.0
6.91202e+20,2023-11-09,2023-11-09,2023-11-23,VEDANTA LIMITED,OC,14106.0,691.0,8212066.0,Delhi,691.0,New Delhi,OC14106,2023.0,2023-11-10,"PRESIDENT, ALL INDIA CONGRESS COMMITTEE",*******4012,691.0,8212066.0,2023.0,Delhi,691.0,New Delhi,10000000.0
6.91202e+20,2023-11-09,2023-11-09,2023-11-23,VEDANTA LIMITED,OC,14108.0,691.0,8212066.0,Delhi,691.0,New Delhi,OC14108,2023.0,2023-11-23,BHARATIYA JANATA PARTY,*******8244,691.0,8212066.0,2023.0,Delhi,691.0,New Delhi,10000000.0
6.91202e+20,2019-04-16,2019-04-16,2019-04-30,VEDANTA LIMITED,OC,5261.0,691.0,3300196.0,Delhi,691.0,New Delhi,OC5261,2019.0,2019-04-29,BHARATIYA JANATA PARTY,*******8244,691.0,3300196.0,2019.0,Delhi,691.0,New Delhi,10000000.0
6.91202e+20,2019-04-16,2019-04-16,2019-04-30,VEDANTA LIMITED,OC,5262.0,691.0,3300196.0,Delhi,691.0,New Delhi,OC5262,2019.0,2019-04-29,BHARATIYA JANATA PARTY,*******8244,691.0,3300196.0,2019.0,Delhi,691.0,New Delhi,10000000.0
6.91202e+20,2019-04-16,2019-04-16,2019-04-30,VEDANTA LIMITED,OC,5263.0,691.0,3300196.0,Delhi,691.0,New Delhi,OC5263,2019.0,2019-04-29,BHARATIYA JANATA PARTY,*******8244,691.0,3300196.0,2019.0,Delhi,691.0,New Delhi,10000000.0
6.91202e+20,2019-04-16,2019-04-16,2019-04-30,VEDANTA LIMITED,OC,5264.0,691.0,3300196.0,Delhi,691.0,New Delhi,OC5264,2019.0,2019-04-18,BHARATIYA JANATA PARTY,*******8244,691.0,3627829.0,2019.0,Delhi,691.0,New Delhi,10000000.0
6.91202e+20,2019-04-16,2019-04-16,2019-04-30,VEDANTA LIMITED,OC,5265.0,691.0,3300196.0,Delhi,691.0,New Delhi,OC5265,2019.0,2019-04-18,BHARATIYA JANATA PARTY,*******8244,691.0,3627829.0,2019.0,Delhi,691.0,New Delhi,10000000.0
6.91202e+20,2019-04-16,2019-04-16,2019-04-30,VEDANTA LIMITED,OC,5269.0,691.0,3300196.0,Delhi,691.0,New Delhi,OC5269,2019.0,2019-04-18,BHARATIYA JANATA PARTY,*******8244,691.0,3627829.0,2019.0,Delhi,691.0,New Delhi,10000000.0
6.91202e+20,2019-04-16,2019-04-16,2019-04-30,VEDANTA LIMITED,OC,5270.0,691.0,3300196.0,Delhi,691.0,New Delhi,OC5270,2019.0,2019-04-18,BHARATIYA JANATA PARTY,*******8244,691.0,3627829.0,2019.0,Delhi,691.0,New Delhi,10000000.0
6.91202e+20,2019-04-16,2019-04-16,2019-04-30,VEDANTA LIMITED,OC,5271.0,691.0,3300196.0,Delhi,691.0,New Delhi,OC5271,2019.0,2019-04-18,BHARATIYA JANATA PARTY,*******8244,691.0,3627829.0,2019.0,Delhi,691.0,New Delhi,10000000.0
6.91202e+20,2019-04-16,2019-04-16,2019-04-30,VEDANTA LIMITED,OC,5272.0,691.0,3300196.0,Delhi,691.0,New Delhi,OC5272,2019.0,2019-04-18,BHARATIYA JANATA PARTY,*******8244,691.0,3627829.0,2019.0,Delhi,691.0,New Delhi,10000000.0
6.91202e+20,2019-04-16,2019-04-16,2019-04-30,VEDANTA LIMITED,OC,5273.0,691.0,3300196.0,Delhi,691.0,New Delhi,OC5273,2019.0,2019-04-18,BHARATIYA JANATA PARTY,*******8244,691.0,3627829.0,2019.0,Delhi,691.0,New Delhi,10000000.0
6.91202e+20,2019-04-16,2019-04-16,2019-04-30,VEDANTA LIMITED,OC,5274.0,691.0,3300196.0,Delhi,691.0,New Delhi,OC5274,2019.0,2019-04-18,BHARATIYA JANATA PARTY,*******8244,691.0,3627829.0,2019.0,Delhi,691.0,New Delhi,10000000.0
6.91202e+20,2019-04-16,2019-04-16,2019-04-30,VEDANTA LIMITED,OC,5275.0,691.0,3300196.0,Delhi,691.0,New Delhi,OC5275,2019.0,2019-04-18,BHARATIYA JANATA PARTY,*******8244,691.0,3627829.0,2019.0,Delhi,691.0,New Delhi,10000000.0
6.91202e+20,2019-04-16,2019-04-16,2019-04-30,VEDANTA LIMITED,OC,5276.0,691.0,3300196.0,Delhi,691.0,New Delhi,OC5276,2019.0,2019-04-18,BHARATIYA JANATA PARTY,*******8244,691.0,3627829.0,2019.0,Delhi,691.0,New Delhi,10000000.0
6.91202e+20,2019-04-16,2019-04-16,2019-04-30,VEDANTA LIMITED,OC,5277.0,691.0,3300196.0,Delhi,691.0,New Delhi,OC5277,2019.0,2019-04-18,BHARATIYA JANATA PARTY,*******8244,691.0,3627829.0,2019.0,Delhi,691.0,New Delhi,10000000.0
6.91202e+20,2019-04-16,2019-04-16,2019-04-30,VEDANTA LIMITED,OC,5278.0,691.0,3300196.0,Delhi,691.0,New Delhi,OC5278,2019.0,2019-04-18,BHARATIYA JANATA PARTY,*******8244,691.0,3627829.0,2019.0,Delhi,691.0,New Delhi,10000000.0
6.91202e+20,2019-04-16,2019-04-16,2019-04-30,VEDANTA LIMITED,OC,5279.0,691.0,3300196.0,Delhi,691.0,New Delhi,OC5279,2019.0,2019-04-18,BHARATIYA JANATA PARTY,*******8244,691.0,3627829.0,2019.0,Delhi,691.0,New Delhi,10000000.0
6.91202e+20,2019-04-16,2019-04-16,2019-04-30,VEDANTA LIMITED,OC,5280.0,691.0,3300196.0,Delhi,691.0,New Delhi,OC5280,2019.0,2019-04-18,BHARATIYA JANATA PARTY,*******8244,691.0,3627829.0,2019.0,Delhi,691.0,New Delhi,10000000.0
6.91202e+20,2019-04-16,2019-04-16,2019-04-30,VEDANTA LIMITED,OC,5281.0,691.0,3300196.0,Delhi,691.0,New Delhi,OC5281,2019.0,2019-04-18,BHARATIYA JANATA PARTY,*******8244,691.0,3627829.0,2019.0,Delhi,691.0,New Delhi,10000000.0
6.91202e+20,2019-04-16,2019-04-16,2019-04-30,VEDANTA LIMITED,OC,5282.0,691.0,3300196.0,Delhi,691.0,New Delhi,OC5282,2019.0,2019-04-18,BHARATIYA JANATA PARTY,*******8244,691.0,3627829.0,2019.0,Delhi,691.0,New Delhi,10000000.0
6.91202e+20,2019-04-16,2019-04-16,2019-04-30,VEDANTA LIMITED,OC,5283.0,691.0,3300196.0,Delhi,691.0,New Delhi,OC5283,2019.0,2019-04-18,BHARATIYA JANATA PARTY,*******8244,691.0,3627829.0,2019.0,Delhi,691.0,New Delhi,10000000.0
6.91202e+20,2019-04-16,2019-04-16,2019-04-30,VEDANTA LIMITED,OC,5284.0,691.0,3300196.0,Delhi,691.0,New Delhi,OC5284,2019.0,2019-04-18,BHARATIYA JANATA PARTY,*******8244,691.0,3627829.0,2019.0,Delhi,691.0,New Delhi,10000000.0
6.91202e+20,2019-04-16,2019-04-16,2019-04-30,VEDANTA LIMITED,OC,5285.0,691.0,3300196.0,Delhi,691.0,New Delhi,OC5285,2019.0,2019-04-18,BHARATIYA JANATA PARTY,*******8244,691.0,3627829.0,2019.0,Delhi,691.0,New Delhi,10000000.0
6.91202e+20,2019-04-16,2019-04-16,2019-04-30,VEDANTA LIMITED,OC,5286.0,691.0,3300196.0,Delhi,691.0,New Delhi,OC5286,2019.0,2019-04-18,BHARATIYA JANATA PARTY,*******8244,691.0,2039265.0,2019.0,Delhi,691.0,New Delhi,10000000.0
6.91202e+20,2019-04-16,2019-04-16,2019-04-30,VEDANTA LIMITED,OC,5287.0,691.0,3300196.0,Delhi,691.0,New Delhi,OC5287,2019.0,2019-04-18,BHARATIYA JANATA PARTY,*******8244,691.0,2039265.0,2019.0,Delhi,691.0,New Delhi,10000000.0
6.91202e+20,2019-04-16,2019-04-16,2019-04-30,VEDANTA LIMITED,OC,5288.0,691.0,3300196.0,Delhi,691.0,New Delhi,OC5288,2019.0,2019-04-18,BHARATIYA JANATA PARTY,*******8244,691.0,2039265.0,2019.0,Delhi,691.0,New Delhi,10000000.0
6.91202e+20,2019-04-16,2019-04-16,2019-04-30,VEDANTA LIMITED,OC,5289.0,691.0,3300196.0,Delhi,691.0,New Delhi,OC5289,2019.0,2019-04-18,BHARATIYA JANATA PARTY,*******8244,691.0,2039265.0,2019.0,Delhi,691.0,New Delhi,10000000.0
6.91202e+20,2019-04-16,2019-04-16,2019-04-30,VEDANTA LIMITED,OC,5290.0,691.0,3300196.0,Delhi,691.0,New Delhi,OC5290,2019.0,2019-04-18,BHARATIYA JANATA PARTY,*******8244,691.0,2039265.0,2019.0,Delhi,691.0,New Delhi,10000000.0
6.91202e+20,2019-04-16,2019-04-16,2019-04-30,VEDANTA LIMITED,OC,5291.0,691.0,3300196.0,Delhi,691.0,New Delhi,OC5291,2019.0,2019-04-18,BHARATIYA JANATA PARTY,*******8244,691.0,2039265.0,2019.0,Delhi,691.0,New Delhi,10000000.0
6.91202e+20,2019-04-16,2019-04-16,2019-04-30,VEDANTA LIMITED,OC,5292.0,691.0,3300196.0,Delhi,691.0,New Delhi,OC5292,2019.0,2019-04-18,BHARATIYA JANATA PARTY,*******8244,691.0,2039265.0,2019.0,Delhi,691.0,New Delhi,10000000.0
6.91202e+20,2019-04-16,2019-04-16,2019-04-30,VEDANTA LIMITED,OC,5293.0,691.0,3300196.0,Delhi,691.0,New Delhi,OC5293,2019.0,2019-04-18,BHARATIYA JANATA PARTY,*******8244,691.0,2039265.0,2019.0,Delhi,691.0,New Delhi,10000000.0
6.91202e+20,2019-04-16,2019-04-16,2019-04-30,VEDANTA LIMITED,OC,5294.0,691.0,3300196.0,Delhi,691.0,New Delhi,OC5294,2019.0,2019-04-18,BHARATIYA JANATA PARTY,*******8244,691.0,2039265.0,2019.0,Delhi,691.0,New Delhi,10000000.0
6.91202e+20,2019-04-16,2019-04-16,2019-04-30,VEDANTA LIMITED,OC,5295.0,691.0,3300196.0,Delhi,691.0,New Delhi,OC5295,2019.0,2019-04-18,BHARATIYA JANATA PARTY,*******8244,691.0,2039265.0,2019.0,Delhi,691.0,New Delhi,10000000.0
6.91202e+20,2019-04-16,2019-04-16,2019-04-30,VEDANTA LIMITED,OC,5296.0,691.0,3300196.0,Delhi,691.0,New Delhi,OC5296,2019.0,2019-04-18,BHARATIYA JANATA PARTY,*******8244,691.0,3627829.0,2019.0,Delhi,691.0,New Delhi,10000000.0
6.91202e+20,2019-04-16,2019-04-16,2019-04-30,VEDANTA LIMITED,OC,5297.0,691.0,3300196.0,Delhi,691.0,New Delhi,OC5297,2019.0,2019-04-18,BHARATIYA JANATA PARTY,*******8244,691.0,3627829.0,2019.0,Delhi,691.0,New Delhi,10000000.0
6.91202e+20,2019-04-16,2019-04-16,2019-04-30,VEDANTA LIMITED,OC,5298.0,691.0,3300196.0,Delhi,691.0,New Delhi,OC5298,2019.0,2019-04-18,BHARATIYA JANATA PARTY,*******8244,691.0,3627829.0,2019.0,Delhi,691.0,New Delhi,10000000.0
6.91202e+20,2019-04-16,2019-04-16,2019-04-30,VEDANTA LIMITED,OC,5299.0,691.0,3300196.0,Delhi,691.0,New Delhi,OC5299,2019.0,2019-04-18,BHARATIYA JANATA PARTY,*******8244,691.0,3627829.0,2019.0,Delhi,691.0,New Delhi,10000000.0
6.91202e+20,2019-04-16,2019-04-16,2019-04-30,VEDANTA LIMITED,OC,5300.0,691.0,3300196.0,Delhi,691.0,New Delhi,OC5300,2019.0,2019-04-18,BHARATIYA JANATA PARTY,*******8244,691.0,3627829.0,2019.0,Delhi,691.0,New Delhi,10000000.0
6.91202e+20,2019-04-16,2019-04-16,2019-04-30,VEDANTA LIMITED,OC,6401.0,691.0,3300196.0,Delhi,691.0,New Delhi,OC6401,2019.0,2019-04-22,BHARATIYA JANATA PARTY,*******8244,691.0,3300196.0,2019.0,Delhi,691.0,New Delhi,10000000.0
6.91202e+20,2019-04-16,2019-04-16,2019-04-30,VEDANTA LIMITED,OC,6402.0,691.0,3300196.0,Delhi,691.0,New Delhi,OC6402,2019.0,2019-04-18,BHARATIYA JANATA PARTY,*******8244,691.0,3627829.0,2019.0,Delhi,691.0,New Delhi,10000000.0
6.91202e+20,2019-05-10,2019-05-10,2019-05-24,VEDANTA LIMITED,OC,6562.0,691.0,3300196.0,Delhi,691.0,New Delhi,OC6562,2019.0,2019-05-20,BHARATIYA JANATA PARTY,*******8244,691.0,3627829.0,2019.0,Delhi,691.0,New Delhi,10000000.0
6.91202e+20,2019-05-10,2019-05-10,2019-05-24,VEDANTA LIMITED,OC,6563.0,691.0,3300196.0,Delhi,691.0,New Delhi,OC6563,2019.0,2019-05-14,BHARATIYA JANATA PARTY,*******8244,691.0,3300196.0,2019.0,Delhi,691.0,New Delhi,10000000.0
6.91202e+20,2019-05-10,2019-05-10,2019-05-24,VEDANTA LIMITED,OC,6564.0,691.0,3300196.0,Delhi,691.0,New Delhi,OC6564,2019.0,2019-05-20,BHARATIYA JANATA PARTY,*******8244,691.0,3627829.0,2019.0,Delhi,691.0,New Delhi,10000000.0
6.91202e+20,2019-05-10,2019-05-10,2019-05-24,VEDANTA LIMITED,OC,6565.0,691.0,3300196.0,Delhi,691.0,New Delhi,OC6565,2019.0,2019-05-14,BHARATIYA JANATA PARTY,*******8244,691.0,3300196.0,2019.0,Delhi,691.0,New Delhi,10000000.0
6.91202e+20,2019-05-10,2019-05-10,2019-05-24,VEDANTA LIMITED,OC,6566.0,691.0,3300196.0,Delhi,691.0,New Delhi,OC6566,2019.0,2019-05-20,BHARATIYA JANATA PARTY,*******8244,691.0,3627829.0,2019.0,Delhi,691.0,New Delhi,10000000.0
6.91202e+20,2019-05-10,2019-05-10,2019-05-24,VEDANTA LIMITED,OC,6567.0,691.0,3300196.0,Delhi,691.0,New Delhi,OC6567,2019.0,2019-05-14,BHARATIYA JANATA PARTY,*******8244,691.0,3300196.0,2019.0,Delhi,691.0,New Delhi,10000000.0
6.91202e+20,2019-05-10,2019-05-10,2019-05-24,VEDANTA LIMITED,OC,6568.0,691.0,3300196.0,Delhi,691.0,New Delhi,OC6568,2019.0,2019-05-20,BHARATIYA JANATA PARTY,*******8244,691.0,3627829.0,2019.0,Delhi,691.0,New Delhi,10000000.0
6.91202e+20,2019-05-10,2019-05-10,2019-05-24,VEDANTA LIMITED,OC,6569.0,691.0,3300196.0,Delhi,691.0,New Delhi,OC6569,2019.0,2019-05-20,BHARATIYA JANATA PARTY,*******8244,691.0,3627829.0,2019.0,Delhi,691.0,New Delhi,10000000.0
6.91202e+20,2019-05-10,2019-05-10,2019-05-24,VEDANTA LIMITED,OC,6570.0,691.0,3300196.0,Delhi,691.0,New Delhi,OC6570,2019.0,2019-05-20,BHARATIYA JANATA PARTY,*******8244,691.0,3627829.0,2019.0,Delhi,691.0,New Delhi,10000000.0
6.91202e+20,2019-05-10,2019-05-10,2019-05-24,VEDANTA LIMITED,OC,6571.0,691.0,3300196.0,Delhi,691.0,New Delhi,OC6571,2019.0,2019-05-14,BHARATIYA JANATA PARTY,*******8244,691.0,3300196.0,2019.0,Delhi,691.0,New Delhi,10000000.0
6.91202e+20,2019-10-09,2019-10-09,2019-10-23,VEDANTA LIMITED,OC,6599.0,691.0,2039265.0,Delhi,691.0,New Delhi,OC6599,2019.0,2019-10-23,BHARATIYA JANATA PARTY,*******8244,691.0,2039265.0,2019.0,Delhi,691.0,New Delhi,10000000.0
6.91202e+20,2019-10-09,2019-10-09,2019-10-23,VEDANTA LIMITED,OC,8177.0,691.0,2039265.0,Delhi,691.0,New Delhi,OC8177,2019.0,2019-10-23,BHARATIYA JANATA PARTY,*******8244,691.0,2039265.0,2019.0,Delhi,691.0,New Delhi,10000000.0
6.91202e+20,2019-10-09,2019-10-09,2019-10-23,VEDANTA LIMITED,OC,8179.0,691.0,2039265.0,Delhi,691.0,New Delhi,OC8179,2019.0,2019-10-23,BHARATIYA JANATA PARTY,*******8244,691.0,2039265.0,2019.0,Delhi,691.0,New Delhi,10000000.0
6.91202e+20,2021-04-08,2021-04-08,2021-04-22,VEDANTA LIMITED,OC,9193.0,691.0,7516991.0,Delhi,691.0,New Delhi,OC9193,2021.0,2021-04-09,"PRESIDENT, ALL INDIA CONGRESS COMMITTEE",*******4012,691.0,7516991.0,2021.0,Delhi,691.0,New Delhi,10000000.0
6.91202e+20,2021-04-08,2021-04-08,2021-04-22,VEDANTA LIMITED,OC,9195.0,691.0,7516991.0,Delhi,691.0,New Delhi,OC9195,2021.0,2021-04-09,"PRESIDENT, ALL INDIA CONGRESS COMMITTEE",*******4012,691.0,7516991.0,2021.0,Delhi,691.0,New Delhi,10000000.0
6.91202e+20,2021-04-08,2021-04-08,2021-04-22,VEDANTA LIMITED,OC,9197.0,691.0,7516991.0,Delhi,691.0,New Delhi,OC9197,2021.0,2021-04-09,"PRESIDENT, ALL INDIA CONGRESS COMMITTEE",*******4012,691.0,7516991.0,2021.0,Delhi,691.0,New Delhi,10000000.0
6.91202e+20,2021-04-08,2021-04-08,2021-04-22,VEDANTA LIMITED,OC,9199.0,691.0,7516991.0,Delhi,691.0,New Delhi,OC9199,2021.0,2021-04-09,"PRESIDENT, ALL INDIA CONGRESS COMMITTEE",*******4012,691.0,7516991.0,2021.0,Delhi,691.0,New Delhi,10000000.0
6.91202e+20,2021-04-08,2021-04-08,2021-04-22,VEDANTA LIMITED,OC,9201.0,691.0,7516991.0,Delhi,691.0,New Delhi,OC9201,2021.0,2021-04-09,"PRESIDENT, ALL INDIA CONGRESS COMMITTEE",*******4012,691.0,7516991.0,2021.0,Delhi,691.0,New Delhi,10000000.0
6.91202e+20,2021-04-08,2021-04-08,2021-04-22,VEDANTA LIMITED,OC,9203.0,691.0,7516991.0,Delhi,691.0,New Delhi,OC9203,2021.0,2021-04-09,"PRESIDENT, ALL INDIA CONGRESS COMMITTEE",*******4012,691.0,7516991.0,2021.0,Delhi,691.0,New Delhi,10000000.0
6.91202e+20,2021-04-08,2021-04-08,2021-04-22,VEDANTA LIMITED,OC,9205.0,691.0,7516991.0,Delhi,691.0,New Delhi,OC9205,2021.0,2021-04-09,"PRESIDENT, ALL INDIA CONGRESS COMMITTEE",*******4012,691.0,7516991.0,2021.0,Delhi,691.0,New Delhi,10000000.0
6.91202e+20,2021-04-08,2021-04-08,2021-04-22,VEDANTA LIMITED,OC,9207.0,691.0,7516991.0,Delhi,691.0,New Delhi,OC9207,2021.0,2021-04-09,"PRESIDENT, ALL INDIA CONGRESS COMMITTEE",*******4012,691.0,7516991.0,2021.0,Delhi,691.0,New Delhi,10000000.0
6.91202e+20,2021-04-08,2021-04-08,2021-04-22,VEDANTA LIMITED,OC,9209.0,691.0,7516991.0,Delhi,691.0,New Delhi,OC9209,2021.0,2021-04-09,"PRESIDENT, ALL INDIA CONGRESS COMMITTEE",*******4012,691.0,7516991.0,2021.0,Delhi,691.0,New Delhi,10000000.0
6.91202e+20,2021-04-08,2021-04-08,2021-04-22,VEDANTA LIMITED,OC,9211.0,691.0,7516991.0,Delhi,691.0,New Delhi,OC9211,2021.0,2021-04-09,"PRESIDENT, ALL INDIA CONGRESS COMMITTEE",*******4012,691.0,7516991.0,2021.0,Delhi,691.0,New Delhi,10000000.0
6.91202e+20,2021-04-08,2021-04-08,2021-04-22,VEDANTA LIMITED,OC,9213.0,691.0,7516991.0,Delhi,691.0,New Delhi,OC9213,2021.0,2021-04-09,"PRESIDENT, ALL INDIA CONGRESS COMMITTEE",*******4012,691.0,7516991.0,2021.0,Delhi,691.0,New Delhi,10000000.0
6.91202e+20,2021-04-08,2021-04-08,2021-04-22,VEDANTA LIMITED,OC,9215.0,691.0,7516991.0,Delhi,691.0,New Delhi,OC9215,2021.0,2021-04-09,"PRESIDENT, ALL INDIA CONGRESS COMMITTEE",*******4012,691.0,7516991.0,2021.0,Delhi,691.0,New Delhi,10000000.0
6.91202e+20,2021-04-08,2021-04-08,2021-04-22,VEDANTA LIMITED,OC,9217.0,691.0,7516991.0,Delhi,691.0,New Delhi,OC9217,2021.0,2021-04-09,"PRESIDENT, ALL INDIA CONGRESS COMMITTEE",*******4012,691.0,7516991.0,2021.0,Delhi,691.0,New Delhi,10000000.0
6.91202e+20,2021-04-08,2021-04-08,2021-04-22,VEDANTA LIMITED,OC,9219.0,691.0,7516991.0,Delhi,691.0,New Delhi,OC9219,2021.0,2021-04-09,"PRESIDENT, ALL INDIA CONGRESS COMMITTEE",*******4012,691.0,7516991.0,2021.0,Delhi,691.0,New Delhi,10000000.0
6.91202e+20,2021-04-08,2021-04-08,2021-04-22,VEDANTA LIMITED,OC,9221.0,691.0,7516991.0,Delhi,691.0,New Delhi,OC9221,2021.0,2021-04-09,"PRESIDENT, ALL INDIA CONGRESS COMMITTEE",*******4012,691.0,7516991.0,2021.0,Delhi,691.0,New Delhi,10000000.0
6.91202e+20,2021-04-08,2021-04-08,2021-04-22,VEDANTA LIMITED,OC,9223.0,691.0,7516991.0,Delhi,691.0,New Delhi,OC9223,2021.0,2021-04-09,"PRESIDENT, ALL INDIA CONGRESS COMMITTEE",*******4012,691.0,7516991.0,2021.0,Delhi,691.0,New Delhi,10000000.0
6.91202e+20,2021-04-08,2021-04-08,2021-04-22,VEDANTA LIMITED,OC,9225.0,691.0,7516991.0,Delhi,691.0,New Delhi,OC9225,2021.0,2021-04-09,"PRESIDENT, ALL INDIA CONGRESS COMMITTEE",*******4012,691.0,7516991.0,2021.0,Delhi,691.0,New Delhi,10000000.0
6.91202e+20,2021-04-08,2021-04-08,2021-04-22,VEDANTA LIMITED,OC,9227.0,691.0,7516991.0,Delhi,691.0,New Delhi,OC9227,2021.0,2021-04-09,"PRESIDENT, ALL INDIA CONGRESS COMMITTEE",*******4012,691.0,7516991.0,2021.0,Delhi,691.0,New Delhi,10000000.0
6.91202e+20,2021-04-08,2021-04-08,2021-04-22,VEDANTA LIMITED,OC,9229.0,691.0,7516991.0,Delhi,691.0,New Delhi,OC9229,2021.0,2021-04-09,"PRESIDENT, ALL INDIA CONGRESS COMMITTEE",*******4012,691.0,7516991.0,2021.0,Delhi,691.0,New Delhi,10000000.0
6.91202e+20,2021-04-08,2021-04-08,2021-04-22,VEDANTA LIMITED,OC,9231.0,691.0,7516991.0,Delhi,691.0,New Delhi,OC9231,2021.0,2021-04-09,"PRESIDENT, ALL INDIA CONGRESS COMMITTEE",*******4012,691.0,7516991.0,2021.0,Delhi,691.0,New Delhi,10000000.0
6.91202e+20,2021-04-08,2021-04-08,2021-04-22,VEDANTA LIMITED,OC,9233.0,691.0,7516991.0,Delhi,691.0,New Delhi,OC9233,2021.0,2021-04-09,"PRESIDENT, ALL INDIA CONGRESS COMMITTEE",*******4012,691.0,7516991.0,2021.0,Delhi,691.0,New Delhi,10000000.0
6.91202e+20,2021-04-08,2021-04-08,2021-04-22,VEDANTA LIMITED,OC,9235.0,691.0,7516991.0,Delhi,691.0,New Delhi,OC9235,2021.0,2021-04-09,"PRESIDENT, ALL INDIA CONGRESS COMMITTEE",*******4012,691.0,7516991.0,2021.0,Delhi,691.0,New Delhi,10000000.0
6.91202e+20,2021-04-08,2021-04-08,2021-04-22,VEDANTA LIMITED,OC,9237.0,691.0,7516991.0,Delhi,691.0,New Delhi,OC9237,2021.0,2021-04-09,"PRESIDENT, ALL INDIA CONGRESS COMMITTEE",*******4012,691.0,7516991.0,2021.0,Delhi,691.0,New Delhi,10000000.0
6.91202e+20,2021-04-08,2021-04-08,2021-04-22,VEDANTA LIMITED,OC,9239.0,691.0,7516991.0,Delhi,691.0,New Delhi,OC9239,2021.0,2021-04-09,"PRESIDENT, ALL INDIA CONGRESS COMMITTEE",*******4012,691.0,7516991.0,2021.0,Delhi,691.0,New Delhi,10000000.0
6.91202e+20,2021-04-08,2021-04-08,2021-04-22,VEDANTA LIMITED,OC,9241.0,691.0,7516991.0,Delhi,691.0,New Delhi,OC9241,2021.0,2021-04-09,"PRESIDENT, ALL INDIA CONGRESS COMMITTEE",*******4012,691.0,7516991.0,2021.0,Delhi,691.0,New Delhi,10000000.0
6.91202e+20,2022-01-06,2022-01-06,2022-01-20,VEDANTA LIMITED,OC,9281.0,691.0,3428540.0,Delhi,691.0,New Delhi,OC9281,2022.0,2022-01-10,"PRESIDENT, ALL INDIA CONGRESS COMMITTEE",*******4012,691.0,7516991.0,2022.0,Delhi,691.0,New Delhi,10000000.0
6.91202e+20,2022-01-06,2022-01-06,2022-01-20,VEDANTA LIMITED,OC,9283.0,691.0,3428540.0,Delhi,691.0,New Delhi,OC9283,2022.0,2022-01-10,"PRESIDENT, ALL INDIA CONGRESS COMMITTEE",*******4012,691.0,7516991.0,2022.0,Delhi,691.0,New Delhi,10000000.0
6.91202e+20,2022-01-06,2022-01-06,2022-01-20,VEDANTA LIMITED,OC,9285.0,691.0,3428540.0,Delhi,691.0,New Delhi,OC9285,2022.0,2022-01-10,"PRESIDENT, ALL INDIA CONGRESS COMMITTEE",*******4012,691.0,7516991.0,2022.0,Delhi,691.0,New Delhi,10000000.0
6.91202e+20,2022-01-06,2022-01-06,2022-01-20,VEDANTA LIMITED,OC,9287.0,691.0,3428540.0,Delhi,691.0,New Delhi,OC9287,2022.0,2022-01-10,"PRESIDENT, ALL INDIA CONGRESS COMMITTEE",*******4012,691.0,7516991.0,2022.0,Delhi,691.0,New Delhi,10000000.0
6.91202e+20,2022-01-06,2022-01-06,2022-01-20,VEDANTA LIMITED,OC,9289.0,691.0,3428540.0,Delhi,691.0,New Delhi,OC9289,2022.0,2022-01-10,"PRESIDENT, ALL INDIA CONGRESS COMMITTEE",*******4012,691.0,7516991.0,2022.0,Delhi,691.0,New Delhi,10000000.0
6.91202e+20,2022-01-06,2022-01-06,2022-01-20,VEDANTA LIMITED,OC,9291.0,691.0,3428540.0,Delhi,691.0,New Delhi,OC9291,2022.0,2022-01-10,"PRESIDENT, ALL INDIA CONGRESS COMMITTEE",*******4012,691.0,7516991.0,2022.0,Delhi,691.0,New Delhi,10000000.0
6.91202e+20,2022-01-06,2022-01-06,2022-01-20,VEDANTA LIMITED,OC,9293.0,691.0,3428540.0,Delhi,691.0,New Delhi,OC9293,2022.0,2022-01-10,"PRESIDENT, ALL INDIA CONGRESS COMMITTEE",*******4012,691.0,7516991.0,2022.0,Delhi,691.0,New Delhi,10000000.0
6.91202e+20,2022-01-06,2022-01-06,2022-01-20,VEDANTA LIMITED,OC,9295.0,691.0,3428540.0,Delhi,691.0,New Delhi,OC9295,2022.0,2022-01-10,"PRESIDENT, ALL INDIA CONGRESS COMMITTEE",*******4012,691.0,7516991.0,2022.0,Delhi,691.0,New Delhi,10000000.0
6.91202e+20,2022-01-06,2022-01-06,2022-01-20,VEDANTA LIMITED,OC,9297.0,691.0,3428540.0,Delhi,691.0,New Delhi,OC9297,2022.0,2022-01-10,"PRESIDENT, ALL INDIA CONGRESS COMMITTEE",*******4012,691.0,7516991.0,2022.0,Delhi,691.0,New Delhi,10000000.0
6.91202e+20,2022-01-06,2022-01-06,2022-01-20,VEDANTA LIMITED,OC,9299.0,691.0,3428540.0,Delhi,691.0,New Delhi,OC9299,2022.0,2022-01-10,"PRESIDENT, ALL INDIA CONGRESS COMMITTEE",*******4012,691.0,7516991.0,2022.0,Delhi,691.0,New Delhi,10000000.0
6.91202e+20,2022-01-06,2022-01-06,2022-01-20,VEDANTA LIMITED,OC,9301.0,691.0,3428540.0,Delhi,691.0,New Delhi,OC9301,2022.0,2022-01-10,"PRESIDENT, ALL INDIA CONGRESS COMMITTEE",*******4012,691.0,7516991.0,2022.0,Delhi,691.0,New Delhi,10000000.0
6.91202e+20,2022-01-06,2022-01-06,2022-01-20,VEDANTA LIMITED,OC,9303.0,691.0,3428540.0,Delhi,691.0,New Delhi,OC9303,2022.0,2022-01-10,"PRESIDENT, ALL INDIA CONGRESS COMMITTEE",*******4012,691.0,7516991.0,2022.0,Delhi,691.0,New Delhi,10000000.0
6.91202e+20,2022-01-06,2022-01-06,2022-01-20,VEDANTA LIMITED,OC,9305.0,691.0,3428540.0,Delhi,691.0,New Delhi,OC9305,2022.0,2022-01-10,"PRESIDENT, ALL INDIA CONGRESS COMMITTEE",*******4012,691.0,7516991.0,2022.0,Delhi,691.0,New Delhi,10000000.0
6.91202e+20,2022-01-06,2022-01-06,2022-01-20,VEDANTA LIMITED,OC,9307.0,691.0,3428540.0,Delhi,691.0,New Delhi,OC9307,2022.0,2022-01-10,"PRESIDENT, ALL INDIA CONGRESS COMMITTEE",*******4012,691.0,7516991.0,2022.0,Delhi,691.0,New Delhi,10000000.0
6.91202e+20,2022-01-06,2022-01-06,2022-01-20,VEDANTA LIMITED,OC,9309.0,691.0,3428540.0,Delhi,691.0,New Delhi,OC9309,2022.0,2022-01-10,"PRESIDENT, ALL INDIA CONGRESS COMMITTEE",*******4012,691.0,7516991.0,2022.0,Delhi,691.0,New Delhi,10000000.0
6.91202e+20,2022-01-06,2022-01-06,2022-01-20,VEDANTA LIMITED,OC,9311.0,691.0,3428540.0,Delhi,691.0,New Delhi,OC9311,2022.0,2022-01-10,"PRESIDENT, ALL INDIA CONGRESS COMMITTEE",*******4012,691.0,7516991.0,2022.0,Delhi,691.0,New Delhi,10000000.0
6.91202e+20,2022-01-06,2022-01-06,2022-01-20,VEDANTA LIMITED,OC,9313.0,691.0,3428540.0,Delhi,691.0,New Delhi,OC9313,2022.0,2022-01-10,"PRESIDENT, ALL INDIA CONGRESS COMMITTEE",*******4012,691.0,7516991.0,2022.0,Delhi,691.0,New Delhi,10000000.0
6.91202e+20,2022-01-06,2022-01-06,2022-01-20,VEDANTA LIMITED,OC,9315.0,691.0,3428540.0,Delhi,691.0,New Delhi,OC9315,2022.0,2022-01-10,"PRESIDENT, ALL INDIA CONGRESS COMMITTEE",*******4012,691.0,7516991.0,2022.0,Delhi,691.0,New Delhi,10000000.0
6.91202e+20,2022-01-06,2022-01-06,2022-01-20,VEDANTA LIMITED,OC,9317.0,691.0,3428540.0,Delhi,691.0,New Delhi,OC9317,2022.0,2022-01-10,"PRESIDENT, ALL INDIA CONGRESS COMMITTEE",*******4012,691.0,7516991.0,2022.0,Delhi,691.0,New Delhi,10000000.0
6.91202e+20,2022-01-06,2022-01-06,2022-01-20,VEDANTA LIMITED,OC,9319.0,691.0,3428540.0,Delhi,691.0,New Delhi,OC9319,2022.0,2022-01-10,"PRESIDENT, ALL INDIA CONGRESS COMMITTEE",*******4012,691.0,7516991.0,2022.0,Delhi,691.0,New Delhi,10000000.0
6.91202e+20,2022-01-10,2022-01-10,2022-01-24,VEDANTA LIMITED,OC,9393.0,691.0,3428540.0,Delhi,691.0,New Delhi,OC9393,2022.0,2022-01-14,BHARATIYA JANATA PARTY,*******8244,691.0,5642191.0,2022.0,Delhi,691.0,New Delhi,10000000.0
6.91202e+20,2022-01-10,2022-01-10,2022-01-24,VEDANTA LIMITED,OC,9395.0,691.0,3428540.0,Delhi,691.0,New Delhi,OC9395,2022.0,2022-01-18,"PRESIDENT, ALL INDIA CONGRESS COMMITTEE",*******4012,691.0,7516991.0,2022.0,Delhi,691.0,New Delhi,10000000.0
6.91202e+20,2022-01-10,2022-01-10,2022-01-24,VEDANTA LIMITED,OC,9397.0,691.0,3428540.0,Delhi,691.0,New Delhi,OC9397,2022.0,2022-01-21,BHARATIYA JANATA PARTY,*******8244,691.0,3428540.0,2022.0,Delhi,691.0,New Delhi,10000000.0
6.91202e+20,2019-04-16,2019-04-16,2019-04-30,VEDANTA LIMITED,OL,3147.0,691.0,3300196.0,Delhi,691.0,New Delhi,OL3147,2019.0,2019-04-29,BHARATIYA JANATA PARTY,*******8244,691.0,3300196.0,2019.0,Delhi,691.0,New Delhi,100000.0
6.91202e+20,2019-04-16,2019-04-16,2019-04-30,VEDANTA LIMITED,OL,3148.0,691.0,3300196.0,Delhi,691.0,New Delhi,OL3148,2019.0,2019-04-29,BHARATIYA JANATA PARTY,*******8244,691.0,3300196.0,2019.0,Delhi,691.0,New Delhi,100000.0
6.91202e+20,2019-04-16,2019-04-16,2019-04-30,VEDANTA LIMITED,OL,3149.0,691.0,3300196.0,Delhi,691.0,New Delhi,OL3149,2019.0,2019-04-29,BHARATIYA JANATA PARTY,*******8244,691.0,3300196.0,2019.0,Delhi,691.0,New Delhi,100000.0
6.91202e+20,2019-04-16,2019-04-16,2019-04-30,VEDANTA LIMITED,OL,3150.0,691.0,3300196.0,Delhi,691.0,New Delhi,OL3150,2019.0,2019-04-29,BHARATIYA JANATA PARTY,*******8244,691.0,3300196.0,2019.0,Delhi,691.0,New Delhi,100000.0
6.91202e+20,2019-04-16,2019-04-16,2019-04-30,VEDANTA LIMITED,OL,3161.0,691.0,3300196.0,Delhi,691.0,New Delhi,OL3161,2019.0,2019-04-29,BHARATIYA JANATA PARTY,*******8244,691.0,3300196.0,2019.0,Delhi,691.0,New Delhi,100000.0
6.91202e+20,2019-04-16,2019-04-16,2019-04-30,VEDANTA LIMITED,TL,10951.0,691.0,3300196.0,Delhi,691.0,New Delhi,TL10951,2019.0,2019-04-29,BHARATIYA JANATA PARTY,*******8244,691.0,3300196.0,2019.0,Delhi,691.0,New Delhi,1000000.0
6.91202e+20,2019-04-16,2019-04-16,2019-04-30,VEDANTA LIMITED,TL,10952.0,691.0,3300196.0,Delhi,691.0,New Delhi,TL10952,2019.0,2019-04-29,BHARATIYA JANATA PARTY,*******8244,691.0,3300196.0,2019.0,Delhi,691.0,New Delhi,1000000.0
6.91202e+20,2019-04-16,2019-04-16,2019-04-30,VEDANTA LIMITED,TL,10953.0,691.0,3300196.0,Delhi,691.0,New Delhi,TL10953,2019.0,2019-04-29,BHARATIYA JANATA PARTY,*******8244,691.0,3300196.0,2019.0,Delhi,691.0,New Delhi,1000000.0
6.91202e+20,2019-04-16,2019-04-16,2019-04-30,VEDANTA LIMITED,TL,10954.0,691.0,3300196.0,Delhi,691.0,New Delhi,TL10954,2019.0,2019-04-29,BHARATIYA JANATA PARTY,*******8244,691.0,3300196.0,2019.0,Delhi,691.0,New Delhi,1000000.0
6.91202e+20,2019-04-16,2019-04-16,2019-04-30,VEDANTA LIMITED,TL,10955.0,691.0,3300196.0,Delhi,691.0,New Delhi,TL10955,2019.0,2019-04-29,BHARATIYA JANATA PARTY,*******8244,691.0,3300196.0,2019.0,Delhi,691.0,New Delhi,1000000.0
6.91202e+20,2019-04-16,2019-04-16,2019-04-30,VEDANTA LIMITED,TL,10956.0,691.0,3300196.0,Delhi,691.0,New Delhi,TL10956,2019.0,2019-04-29,BHARATIYA JANATA PARTY,*******8244,691.0,3300196.0,2019.0,Delhi,691.0,New Delhi,1000000.0
6.91202e+20,2022-01-10,2022-01-10,2022-01-24,VEDANTA LIMITED,TL,13660.0,691.0,3428540.0,Delhi,691.0,New Delhi,TL13660,2022.0,2022-01-14,BHARATIYA JANATA PARTY,*******8244,691.0,5642191.0,2022.0,Delhi,691.0,New Delhi,1000000.0
6.91202e+20,2022-01-10,2022-01-10,2022-01-24,VEDANTA LIMITED,TL,13662.0,691.0,3428540.0,Delhi,691.0,New Delhi,TL13662,2022.0,2022-01-14,BHARATIYA JANATA PARTY,*******8244,691.0,5642191.0,2022.0,Delhi,691.0,New Delhi,1000000.0
6.91202e+20,2022-01-10,2022-01-10,2022-01-24,VEDANTA LIMITED,TL,13664.0,691.0,3428540.0,Delhi,691.0,New Delhi,TL13664,2022.0,2022-01-14,BHARATIYA JANATA PARTY,*******8244,691.0,5642191.0,2022.0,Delhi,691.0,New Delhi,1000000.0
6.91202e+20,2022-01-10,2022-01-10,2022-01-24,VEDANTA LIMITED,TL,13666.0,691.0,3428540.0,Delhi,691.0,New Delhi,TL13666,2022.0,2022-01-14,BHARATIYA JANATA PARTY,*******8244,691.0,5642191.0,2022.0,Delhi,691.0,New Delhi,1000000.0
6.91202e+20,2022-01-10,2022-01-10,2022-01-24,VEDANTA LIMITED,TL,13668.0,691.0,3428540.0,Delhi,691.0,New Delhi,TL13668,2022.0,2022-01-14,BHARATIYA JANATA PARTY,*******8244,691.0,5642191.0,2022.0,Delhi,691.0,New Delhi,1000000.0
6.91202e+20,2022-01-10,2022-01-10,2022-01-24,VEDANTA LIMITED,TL,13670.0,691.0,3428540.0,Delhi,691.0,New Delhi,TL13670,2022.0,2022-01-14,BHARATIYA JANATA PARTY,*******8244,691.0,5642191.0,2022.0,Delhi,691.0,New Delhi,1000000.0
6.91202e+20,2022-01-10,2022-01-10,2022-01-24,VEDANTA LIMITED,TL,13672.0,691.0,3428540.0,Delhi,691.0,New Delhi,TL13672,2022.0,2022-01-14,BHARATIYA JANATA PARTY,*******8244,691.0,5642191.0,2022.0,Delhi,691.0,New Delhi,1000000.0
6.91202e+20,2022-01-10,2022-01-10,2022-01-24,VEDANTA LIMITED,TL,13674.0,691.0,3428540.0,Delhi,691.0,New Delhi,TL13674,2022.0,2022-01-14,BHARATIYA JANATA PARTY,*******8244,691.0,5642191.0,2022.0,Delhi,691.0,New Delhi,1000000.0
6.91202e+20,2022-01-10,2022-01-10,2022-01-24,VEDANTA LIMITED,TL,13676.0,691.0,3428540.0,Delhi,691.0,New Delhi,TL13676,2022.0,2022-01-14,BHARATIYA JANATA PARTY,*******8244,691.0,5642191.0,2022.0,Delhi,691.0,New Delhi,1000000.0
6.91202e+20,2022-01-10,2022-01-10,2022-01-24,VEDANTA LIMITED,TL,13678.0,691.0,3428540.0,Delhi,691.0,New Delhi,TL13678,2022.0,2022-01-14,BHARATIYA JANATA PARTY,*******8244,691.0,5642191.0,2022.0,Delhi,691.0,New Delhi,1000000.0
6.91202e+20,2022-01-10,2022-01-10,2022-01-24,VEDANTA LIMITED,TL,13681.0,691.0,3428540.0,Delhi,691.0,New Delhi,TL13681,2022.0,2022-01-24,ALL INDIA TRINAMOOL CONGRESS,*******0688,1.0,3490777.0,2022.0,West Bengal and Andaman& Nicobar,1.0,Kolkata,1000000.0
6.91202e+20,2022-01-10,2022-01-10,2022-01-24,VEDANTA LIMITED,TL,13686.0,691.0,3428540.0,Delhi,691.0,New Delhi,TL13686,2022.0,2022-01-24,ALL INDIA TRINAMOOL CONGRESS,*******0688,1.0,3490777.0,2022.0,West Bengal and Andaman& Nicobar,1.0,Kolkata,1000000.0
6.91202e+20,2022-01-10,2022-01-10,2022-01-24,VEDANTA LIMITED,TL,13688.0,691.0,3428540.0,Delhi,691.0,New Delhi,TL13688,2022.0,2022-01-21,BHARATIYA JANATA PARTY,*******8244,691.0,3428540.0,2022.0,Delhi,691.0,New Delhi,1000000.0
6.91202e+20,2022-01-10,2022-01-10,2022-01-24,VEDANTA LIMITED,TL,13690.0,691.0,3428540.0,Delhi,691.0,New Delhi,TL13690,2022.0,2022-01-21,BHARATIYA JANATA PARTY,*******8244,691.0,3428540.0,2022.0,Delhi,691.0,New Delhi,1000000.0
6.91202e+20,2022-01-10,2022-01-10,2022-01-24,VEDANTA LIMITED,TL,13692.0,691.0,3428540.0,Delhi,691.0,New Delhi,TL13692,2022.0,2022-01-21,BHARATIYA JANATA PARTY,*******8244,691.0,3428540.0,2022.0,Delhi,691.0,New Delhi,1000000.0
6.91202e+20,2022-01-10,2022-01-10,2022-01-24,VEDANTA LIMITED,TL,13694.0,691.0,3428540.0,Delhi,691.0,New Delhi,TL13694,2022.0,2022-01-21,BHARATIYA JANATA PARTY,*******8244,691.0,3428540.0,2022.0,Delhi,691.0,New Delhi,1000000.0
6.91202e+20,2022-01-10,2022-01-10,2022-01-24,VEDANTA LIMITED,TL,13696.0,691.0,3428540.0,Delhi,691.0,New Delhi,TL13696,2022.0,2022-01-21,BHARATIYA JANATA PARTY,*******8244,691.0,3428540.0,2022.0,Delhi,691.0,New Delhi,1000000.0
